id,hash
0,75ff09500eb40f5f7696a8acbf4f19a9fedb65c826d07e3d13475a200f78838d
1,864379af2cab22fc8215052acc1f276c83b0cf75908d5a705fa7a9e1bdf37230
2,f79dc1d971263707d8493148c2621ce1a6713bda04b47c9a985396122d970f15
3,e64ff1fb9f366607fbf5ee96a2feafd2ddb1af18e5e9969afe6ca0b1b5914120
4,a472a147492e6961d4461c2b28d18066877460bf1db0f31824fbc96846f8f390
5,d13126064727877dda2ef785047e9628e3ead9c7f4fbda21434bffaa6ac48101
6,ec1ca2a7ee8eb2b5dfda10b61b0492eb28fda10953753dbc7fc92098012a2c43
7,099fc23606df4963121cba4d18c431c4d5ad78a2a36e3c4bddb3a18535668549
8,ae54dc43264b86247f384e3ab0774903129c18f64aaab417ceff4e1f66977d52
9,1f953a9b597d2ec24c8172d425403cf9eb9a0cc49e8c22fdd9aa4cb215990d36
10,6b16b4c5a466217c325a68be118e21516256db7ad9e5b42c6b9a64b35f03d748
11,df66b2b19bab1ed8dc0c1efc8f8ff0c34f06ff9867f31d71a8257c45c64ca21d
12,8af504ec330f3a0660d4897c920be216e5b40b2bc5ad5806836f6db4ded49f78
13,6861b366db1111b81552dadd2ebba0d4ff10e2c38b1d59ebb294b401477621bb
14,3ef5676ca9fc6c62b15b72c089f1ad3d574bcd200d375c40a6066dd2b6c1332b
15,ba38807ad9194bf7900bc7d4674205c2f63ab2c3def3d958aba6d07b8f12d96b
16,e8ed322ebca0d7616ac9328a567571af99f36ca4b7f713bbaa21b2a2d29f8c47
17,e152309f0d2988d6346752417f7c96f99ec6cbe623050e9de85cb6553eaa33ec
18,85eca4bf4f70440b85a3655a00c3301d150efa06eea21d8938fea289e5946f38
19,ca46c766b5664a1463150eec87c9b95ed8c0495a75d266fff2a5e99009df0f47
