Recourse_Method,Dataset,ML_Model,L0_distance,L1_distance,L2_distance,Linf_distance,Constraint_Violation,Redundancy,y-Nearest-Neighbours,Success_Rate,Average_Time
dice,adult,linear,2.0,1.06123732,1.0037500093607823,1.0,0.0,1.0,0.16000000000000006,1.0,0.3170189199999999
dice,adult,linear,2.0,2.0,2.0,1.0,0.0,0.0,,,
dice,adult,linear,2.0,2.0,2.0,1.0,0.0,0.0,,,
dice,adult,linear,2.0,1.2332554563265306,1.054408107906098,1.0,0.0,2.0,,,
dice,adult,linear,2.0,2.0,2.0,1.0,0.0,1.0,,,
dice,adult,linear,2.0,2.0,2.0,1.0,0.0,2.0,,,
dice,adult,linear,2.0,2.0,2.0,1.0,0.0,1.0,,,
dice,adult,linear,2.0,1.16574687,1.0274720249147968,1.0,0.0,1.0,,,
dice,adult,linear,1.0,1.0,1.0,1.0,0.0,0.0,,,
dice,adult,linear,2.0,2.0,2.0,1.0,0.0,1.0,,,
dice,adult,linear,2.0,2.0,2.0,1.0,0.0,0.0,,,
dice,adult,linear,2.0,2.0,2.0,1.0,0.0,2.0,,,
dice,adult,linear,2.0,2.0,2.0,1.0,1.0,1.0,,,
dice,adult,linear,2.0,1.46084354,1.2123767683597315,1.0,0.0,1.0,,,
dice,adult,linear,2.0,1.2855668157534246,1.0815484062595504,1.0,1.0,1.0,,,
dice,adult,linear,2.0,2.0,2.0,1.0,0.0,1.0,,,
dice,adult,linear,2.0,2.0,2.0,1.0,0.0,1.0,,,
dice,adult,linear,2.0,2.0,2.0,1.0,0.0,1.0,,,
dice,adult,linear,2.0,1.5119742358904111,1.2621176182155702,1.0,1.0,1.0,,,
dice,adult,linear,2.0,2.0,2.0,1.0,0.0,2.0,,,
dice,compass,linear,3.0,2.5473684210526315,2.299612188365651,1.0,1.0,0.0,0.6799999999999999,1.0,0.12400251000000005
dice,compass,linear,2.0,2.0,2.0,1.0,1.0,0.0,,,
dice,compass,linear,2.0,1.3736842105263158,1.139639889196676,1.0,0.0,1.0,,,
dice,compass,linear,2.0,2.0,2.0,1.0,1.0,0.0,,,
dice,compass,linear,2.0,1.473684210526316,1.2243767313019391,1.0,1.0,1.0,,,
dice,compass,linear,2.0,2.0,2.0,1.0,2.0,0.0,,,
dice,compass,linear,3.0,3.0,3.0,1.0,2.0,0.0,,,
dice,compass,linear,2.0,1.3157894736842106,1.0997229916897506,1.0,0.0,1.0,,,
dice,compass,linear,2.0,2.0210526315789474,2.042548476454294,1.0210526315789474,1.0,0.0,,,
dice,compass,linear,1.0,1.0,1.0,1.0,0.0,0.0,,,
dice,compass,linear,1.0,1.0,1.0,1.0,1.0,0.0,,,
dice,compass,linear,1.0,1.0,1.0,1.0,1.0,0.0,,,
dice,compass,linear,2.0,1.5736842105263158,1.3291135734072022,1.0,0.0,1.0,,,
dice,compass,linear,2.0,2.0,2.0,1.0,1.0,0.0,,,
dice,compass,linear,1.0,1.0,1.0,1.0,1.0,0.0,,,
dice,compass,linear,2.0,1.368421052631579,1.1357340720221607,1.0,0.0,0.0,,,
dice,compass,linear,3.0,3.0,3.0,1.0,1.0,0.0,,,
dice,compass,linear,1.0,0.1736842105263158,0.030166204986149588,0.1736842105263158,0.0,0.0,,,
dice,compass,linear,2.0,2.0473684210526315,2.0969806094182832,1.0473684210526315,1.0,0.0,,,
dice,compass,linear,3.0,3.0,3.0,1.0,2.0,0.0,,,
dice,credit,linear,3.0,2.6,2.36,1.0,2.0,0.0,0.0,1.0,0.20749377
dice,credit,linear,4.0,3.6,3.36,1.0,2.0,2.0,,,
dice,credit,linear,2.0,1.9333333333333336,1.871111111111112,1.0,1.0,0.0,,,
dice,credit,linear,2.0,1.5961089494163423,1.3553458795742557,1.0,0.0,0.0,,,
dice,credit,linear,2.0,2.0,2.0,1.0,1.0,0.0,,,
dice,credit,linear,4.0,3.5,3.37,1.1,0.0,1.0,,,
dice,credit,linear,3.0,3.0,3.0,1.0,1.0,0.0,,,
dice,credit,linear,2.0,1.960440985732815,1.9224468870754208,1.0,1.0,0.0,,,
dice,credit,linear,2.0,1.8941634241245136,1.7995282290420749,1.0,0.0,0.0,,,
dice,credit,linear,5.0,3.9818417639429313,3.78764489663398,1.0,1.0,0.0,,,
dice,credit,linear,3.0,2.3798962386511024,2.144321152141256,1.0,1.0,0.0,,,
dice,credit,linear,3.0,3.0,3.0,1.0,2.0,0.0,,,
dice,credit,linear,2.0,1.896757457846952,1.804173938204128,1.0,0.0,0.0,,,
dice,credit,linear,3.0,2.7954604409857327,2.690033577764656,1.095460440985733,0.0,0.0,,,
dice,credit,linear,2.0,1.9,1.81,1.0,0.0,0.0,,,
dice,credit,linear,3.0,3.0,3.0,1.0,1.0,0.0,,,
dice,credit,linear,4.0,3.9,3.85,1.1,1.0,1.0,,,
dice,credit,linear,2.0,1.6,1.36,1.0,0.0,0.0,,,
dice,credit,linear,2.0,2.0,2.0,1.0,0.0,0.0,,,
dice,credit,linear,2.0,1.7,1.49,1.0,1.0,0.0,,,
dice,german,linear,2.0,1.3095779952941178,1.0958385351703248,1.0,1.0,0.0,0.9,1.0,0.10527907499999996
dice,german,linear,2.0,1.151431664117647,1.02293154889744,1.0,1.0,1.0,,,
dice,german,linear,2.0,1.8098072558571427,1.655787791638876,1.0,2.0,0.0,,,
dice,german,linear,2.0,1.6215631334285714,1.386340728837544,1.0,2.0,0.0,,,
dice,german,linear,2.0,1.5963876191428572,1.3556781922668857,1.0,2.0,0.0,,,
dice,german,linear,1.0,0.12135439814285714,0.014726889948615091,0.12135439814285714,1.0,0.0,,,
dice,german,linear,2.0,1.0372356186950589,1.0013864912996038,1.0,1.0,1.0,,,
dice,german,linear,2.0,1.014707889167602,1.0002163220037663,1.0,1.0,1.0,,,
dice,german,linear,2.0,1.0643201105714286,1.0041370766239208,1.0,2.0,0.0,,,
dice,german,linear,2.0,1.085179792857143,1.0072555971111858,1.0,2.0,1.0,,,
dice,german,linear,2.0,1.3142360067142858,1.0987442679157406,1.0,2.0,1.0,,,
dice,german,linear,2.0,1.0870726708238143,1.0075816500043924,1.0,1.0,0.0,,,
dice,german,linear,2.0,0.9608978491092436,0.686075926167931,0.8154217502857143,1.0,1.0,,,
dice,german,linear,2.0,1.30033481790657,1.0902010028469724,1.0,1.0,0.0,,,
dice,german,linear,2.0,1.5109662401428572,1.261086498565728,1.0,2.0,0.0,,,
dice,german,linear,2.0,1.1372272535252559,1.0188313191100848,1.0,1.0,1.0,,,
dice,german,linear,2.0,1.5361068418571429,1.2874105458860396,1.0,2.0,0.0,,,
dice,german,linear,1.0,0.6413250472837021,0.4112978162734426,0.6413250472837021,0.0,0.0,,,
dice,german,linear,2.0,1.6459373642857145,1.4172350785803758,1.0,2.0,0.0,,,
dice,german,linear,1.0,0.25917502117647057,0.06717169160182397,0.25917502117647057,0.0,0.0,,,
dice,twomoon,linear,2.0,0.8492424448777164,0.4050595204733576,0.5737070289101938,0.0,1.0,0.94,1.0,0.09787156000000012
dice,twomoon,linear,2.0,0.9541395679238563,0.5415042312116455,0.6848112984368686,0.0,1.0,,,
dice,twomoon,linear,1.0,0.38528106463699097,0.1484414987678132,0.38528106463699097,0.0,0.0,,,
dice,twomoon,linear,2.0,0.4420855402753484,0.14616662134104394,0.3766814685400487,0.0,1.0,,,
dice,twomoon,linear,1.0,0.21662408189573126,0.04692599285716851,0.21662408189573126,0.0,0.0,,,
dice,twomoon,linear,2.0,1.127691849048087,0.685336138868897,0.7211540388477337,0.0,0.0,,,
dice,twomoon,linear,2.0,0.5583508254205054,0.31078727763365466,0.5574823076210461,0.0,1.0,,,
dice,twomoon,linear,1.0,0.426254640334355,0.18169301840657034,0.426254640334355,0.0,0.0,,,
dice,twomoon,linear,2.0,0.7747454391458783,0.5432778318804814,0.7360578096913808,0.0,1.0,,,
dice,twomoon,linear,2.0,0.8139113076475408,0.3854272578376529,0.5715786313806535,0.0,1.0,,,
dice,twomoon,linear,2.0,0.8558719918753239,0.4377000158409237,0.616935443823901,0.0,2.0,,,
dice,twomoon,linear,1.0,0.4390980938926538,0.1928071360601618,0.4390980938926538,0.0,0.0,,,
dice,twomoon,linear,1.0,0.5290436781130867,0.2798872133514233,0.5290436781130867,0.0,0.0,,,
dice,twomoon,linear,1.0,0.7710491378091953,0.5945167729163033,0.7710491378091953,0.0,0.0,,,
dice,twomoon,linear,2.0,0.6316739130284292,0.3244604194459426,0.5657914056100637,0.0,1.0,,,
dice,twomoon,linear,1.0,0.4485926811654991,0.20123539359525114,0.4485926811654991,0.0,0.0,,,
dice,twomoon,linear,1.0,0.6819192526718522,0.4650138671645374,0.6819192526718522,0.0,0.0,,,
dice,twomoon,linear,1.0,0.33583409535093955,0.11278453960018395,0.33583409535093955,0.0,0.0,,,
dice,twomoon,linear,2.0,0.8011605872551244,0.3554860053518132,0.5320277395257713,0.0,1.0,,,
dice,twomoon,linear,2.0,0.5451729959005365,0.2438310200265041,0.4907884941566744,0.0,1.0,,,
cchvae,adult,linear,6.0,2.105456134988008,2.006208415970587,1.0,0.0,5.0,0.75,1.0,0.12069724999999992
cchvae,adult,linear,5.0,1.1406405972830038,1.0087506228865049,1.0,0.0,4.0,,,
cchvae,adult,linear,5.0,1.115740876599237,1.0049099960838337,1.0,0.0,4.0,,,
cchvae,adult,linear,6.0,2.0586919522229707,2.001019749964669,1.0,0.0,4.0,,,
cchvae,adult,linear,5.0,1.0425612643719049,1.0005584577104285,1.0,0.0,4.0,,,
cchvae,adult,linear,8.0,4.3730464046466215,4.080315018802225,1.0,0.0,5.0,,,
cchvae,adult,linear,5.0,1.119087257566957,1.0060786688345993,1.0,0.0,4.0,,,
cchvae,adult,linear,5.0,1.1971512266542432,1.0116555083118512,1.0,0.0,4.0,,,
cchvae,adult,linear,6.0,2.314082635173789,2.032434809383141,1.0,0.0,3.0,,,
cchvae,adult,linear,5.0,1.1726457024506312,1.0122196628779054,1.0,0.0,4.0,,,
cchvae,adult,linear,4.0,0.2238094559357483,0.02326019383856696,0.14146425225296802,0.0,2.0,,,
cchvae,adult,linear,5.0,1.1110946182121562,1.003811594760572,1.0,0.0,4.0,,,
cchvae,adult,linear,6.0,2.198772429674864,2.0217300626020704,1.0,0.0,5.0,,,
cchvae,adult,linear,5.0,1.047441018094011,1.0006307701855182,1.0,0.0,4.0,,,
cchvae,adult,linear,5.0,1.5181990778339758,1.143161044140915,1.0,0.0,4.0,,,
cchvae,adult,linear,7.0,3.189902008601188,3.014022486003653,1.0,0.0,4.0,,,
cchvae,adult,linear,6.0,2.35020090298233,2.053300782567935,1.0,0.0,5.0,,,
cchvae,adult,linear,6.0,2.2021164589161724,2.0186768999434794,1.0,0.0,4.0,,,
cchvae,adult,linear,5.0,1.1102083470368265,1.0042372318402015,1.0,0.0,4.0,,,
cchvae,adult,linear,5.0,1.6840545074469515,1.2406503565530895,1.0,0.0,4.0,,,
cchvae,compass,linear,,,,,,,,0.0,5.75939595
cchvae,credit,linear,12.0,4.931125114723626,4.087619806339083,1.0,0.0,12.0,0.92,1.0,0.06858310000000074
cchvae,credit,linear,10.0,1.6301066365706502,1.16033303518294,1.0,0.0,9.0,,,
cchvae,credit,linear,10.0,1.7114290957536324,1.1179104465637957,1.0,0.0,9.0,,,
cchvae,credit,linear,10.0,1.5317060868973242,1.0919167805397754,1.0,0.0,9.0,,,
cchvae,credit,linear,10.0,2.2150116057191758,1.4237833077387043,1.0,0.0,10.0,,,
cchvae,credit,linear,11.0,3.1498613931414914,2.397841307535739,1.0,0.0,9.0,,,
cchvae,credit,linear,10.0,1.8080841446800682,1.3029314707127482,1.0,0.0,9.0,,,
cchvae,credit,linear,9.0,0.3358545707370628,0.048586714874704666,0.17526662846406305,0.0,7.0,,,
cchvae,credit,linear,10.0,2.2325201308371607,1.4649958049134304,1.0,0.0,10.0,,,
cchvae,credit,linear,11.0,3.399187817599333,2.453174159174652,1.0,0.0,9.0,,,
cchvae,credit,linear,10.0,2.7145631972289492,1.6538339063328056,1.0,0.0,10.0,,,
cchvae,credit,linear,10.0,1.6098242432869738,1.1558973530904513,1.0,0.0,9.0,,,
cchvae,credit,linear,9.0,0.3385061790062729,0.04772219016812651,0.15960921347141266,0.0,8.0,,,
cchvae,credit,linear,11.0,3.9435149537323984,2.7605651177010744,1.0,0.0,9.0,,,
cchvae,credit,linear,10.0,1.2244022194353998,1.0285326812163291,1.0,0.0,9.0,,,
cchvae,credit,linear,10.0,1.3761478105595684,1.0573278088592646,1.0,0.0,9.0,,,
cchvae,credit,linear,10.0,1.1623921776218091,1.0084160367422352,1.0,0.0,9.0,,,
cchvae,credit,linear,8.0,1.3196958345348409,1.0441024146327875,1.0,0.0,9.0,,,
cchvae,credit,linear,10.0,2.7714480279957123,1.7083486304921298,1.0,0.0,10.0,,,
cchvae,credit,linear,11.0,3.6473762651181056,2.6785767722421507,1.0,0.0,11.0,,,
cchvae,mortgage,linear,,,,,,,,0.0,5.624543175
cchvae,twomoon,linear,,,,,,,,0.0,6.800789355000001
cem,adult,linear,2.0,0.9510495434243618,0.7741505244011292,0.8767123287671232,1.0,3.0,0.08999999999999997,1.0,1.51405522
cem,adult,linear,6.0,1.7967100426749956,1.151582975830792,1.0,1.0,7.0,,,
cem,adult,linear,7.0,2.611926954334796,2.1002279782251687,1.0,1.0,7.0,,,
cem,adult,linear,4.0,1.3526563116167143,0.5500172171766896,0.5,1.0,5.0,,,
cem,adult,linear,3.0,1.3764725075842517,1.0879212691161235,1.0,1.0,4.0,,,
cem,adult,linear,6.0,1.130784061762857,0.3113100823286109,0.3919495344161987,0.0,9.0,,,
cem,adult,linear,5.0,1.5068363981407027,0.7016556214215386,0.6438356164383562,1.0,5.0,,,
cem,adult,linear,6.0,1.0745179836675156,0.2560955355342232,0.3226630687713623,1.0,8.0,,,
cem,adult,linear,5.0,1.4372691647713831,1.058748578243856,1.0,1.0,6.0,,,
cem,adult,linear,4.0,0.7489031631719276,0.24846688225769314,0.3835616438356164,1.0,6.0,,,
cem,adult,linear,5.0,1.1528124883716788,0.37591524368339824,0.4931506849315068,1.0,6.0,,,
cem,adult,linear,2.0,0.5842375649231454,0.26288516586142696,0.5068493150684932,1.0,3.0,,,
cem,adult,linear,6.0,1.8076447122617576,1.1820147681842423,1.0,1.0,7.0,,,
cem,adult,linear,4.0,1.6507016498648592,1.2622006097960878,1.0,1.0,4.0,,,
cem,adult,linear,4.0,1.130882176411938,1.01349583864716,1.0,0.0,7.0,,,
cem,adult,linear,2.0,0.6632570360688014,0.25906968822194226,0.4714761972427368,1.0,3.0,,,
cem,adult,linear,4.0,1.4921355252463226,0.5875945534414171,0.5,1.0,4.0,,,
cem,adult,linear,4.0,1.2014739086777706,0.5049172698632444,0.5,1.0,4.0,,,
cem,adult,linear,4.0,1.0240316489038102,0.3288844503292527,0.4691338539123535,1.0,5.0,,,
cem,adult,linear,5.0,1.4453618625070797,0.6338775734449849,0.5616438356164384,1.0,5.0,,,
cem,compass,linear,,,,,,,,0.0,1.6541577099999984
cem,credit,linear,3.0,1.7769023187775477,1.3061032274348603,1.0,2.0,4.0,0.010000000000000007,1.0,1.2870565800000011
cem,credit,linear,2.0,0.8763458930319568,0.3916362160330781,0.5,1.0,5.0,,,
cem,credit,linear,2.0,0.3974917153320969,0.07916944030924394,0.20795500278472895,1.0,7.0,,,
cem,credit,linear,2.0,0.5462684860766109,0.1493979777643521,0.28296685218811035,1.0,6.0,,,
cem,credit,linear,2.0,0.35726475806760605,0.06491671407985677,0.20205950736999512,1.0,6.0,,,
cem,credit,linear,2.0,0.5001578392735988,0.12526476438998205,0.25971829891204834,1.0,7.0,,,
cem,credit,linear,2.0,0.6251430523924159,0.1981701077745868,0.34977495670318604,1.0,4.0,,,
cem,credit,linear,2.0,0.34073591492800137,0.058211450622962964,0.17933928966522214,1.0,6.0,,,
cem,credit,linear,2.0,0.8829192025916988,0.39105905137610375,0.4668160676956177,1.0,3.0,,,
cem,credit,linear,2.0,0.8938524801811657,0.4007740847469279,0.47230303287506104,1.0,4.0,,,
cem,credit,linear,2.0,0.8225841779138565,0.3395874548080262,0.4364427328109741,1.0,5.0,,,
cem,credit,linear,2.0,0.9790705492911852,0.479508586361149,0.5,1.0,5.0,,,
cem,credit,linear,2.0,0.498920236727752,0.13066065950448594,0.3051376342773437,1.0,6.0,,,
cem,credit,linear,2.0,0.6014621278647424,0.18190351504091493,0.32337141036987305,1.0,4.0,,,
cem,credit,linear,2.0,0.39651012420654297,0.07877960274939255,0.20746004581451416,1.0,2.0,,,
cem,credit,linear,2.0,0.42164599895477295,0.0897689630546239,0.2317548990249633,1.0,2.0,,,
cem,credit,linear,4.0,2.008430619826366,1.5000710751781927,1.0,2.0,8.0,,,
cem,credit,linear,4.0,2.03307394018758,1.501093884843071,1.0,2.0,8.0,,,
cem,credit,linear,2.0,0.7957387096205326,0.3374613769340159,0.5,1.0,5.0,,,
cem,credit,linear,4.0,2.0116731622269928,1.500136262471801,1.0,2.0,8.0,,,
cem,german,linear,3.0,1.3128678840304693,0.8589170539755435,0.8392857142857143,1.0,2.0,1.0,0.65,1.6581528450000007
cem,german,linear,2.0,0.20572363984608266,0.02785492358215146,0.16071428571428573,1.0,3.0,,,
cem,german,linear,3.0,0.4433085218240482,0.0970692604841892,0.2857142857142857,1.0,2.0,,,
cem,german,linear,3.0,0.7240067535763066,0.24682630456596635,0.44642857142857145,1.0,2.0,,,
cem,german,linear,3.0,0.8889940426484229,0.3267958339925789,0.4705882352941176,1.0,2.0,,,
cem,german,linear,3.0,1.3801710680970969,0.7199096233561398,0.6333223286012986,1.0,1.0,,,
cem,german,linear,3.0,1.4367700695332606,0.8692379133936757,0.8235294117647058,1.0,0.0,,,
cem,german,linear,3.0,0.6138439528997469,0.1379604456118398,0.25,1.0,2.0,,,
cem,german,linear,3.0,1.068170731481764,0.4672413321539006,0.4821428571428572,1.0,2.0,,,
cem,german,linear,3.0,0.7731382582745874,0.2284984030963447,0.375,1.0,2.0,,,
cem,german,linear,3.0,0.6601625463655254,0.16247160896652127,0.29411764705882354,1.0,2.0,,,
cem,german,linear,3.0,1.2269652000780504,0.7255003274347561,0.7857142857142857,1.0,2.0,,,
cem,german,linear,3.0,0.8491114834841167,0.5193678994617562,0.7142857142857143,1.0,2.0,,,
cem,mortgage,linear,,,,,,,,0.0,1.7085736800000006
cem,twomoon,linear,2.0,0.8837308673647641,0.5965249966990713,0.7628287288832758,0.0,1.0,1.0,1.0,1.3745658899999966
cem,twomoon,linear,2.0,0.9127432622556788,0.6980305683362517,0.8315252242998109,0.0,1.0,,,
cem,twomoon,linear,2.0,1.012163556255839,0.8018203947419003,0.8865964706403551,0.0,1.0,,,
cem,twomoon,linear,2.0,0.9686783870888324,0.7159336260592825,0.8355974441612319,0.0,1.0,,,
cem,twomoon,linear,2.0,0.7863899961827292,0.4496925487092833,0.6582307840346471,0.0,1.0,,,
cem,twomoon,linear,2.0,0.851417666331969,0.5347738472360662,0.7192372184756323,0.0,1.0,,,
cem,twomoon,linear,2.0,0.645771937502335,0.2839755802119099,0.5171343697473534,0.0,1.0,,,
cem,twomoon,linear,2.0,0.9520052101162902,0.7249894522040774,0.8446708110101884,0.0,1.0,,,
cem,twomoon,linear,2.0,0.5860443081475644,0.2276687582944395,0.4602716574188756,0.0,1.0,,,
cem,twomoon,linear,2.0,0.9902057032214018,0.7485288624137183,0.8544600520865108,0.0,1.0,,,
cem,twomoon,linear,2.0,0.6154925026204311,0.2553641932312863,0.4893346359061274,0.0,2.0,,,
cem,twomoon,linear,2.0,0.6457820819134469,0.2846615924640556,0.5180119570623817,0.0,1.0,,,
cem,twomoon,linear,1.0,0.7681319865726262,0.5900267247208143,0.7681319709013641,0.0,1.0,,,
cem,twomoon,linear,2.0,0.6550978699200535,0.2928398463387621,0.5253660686363927,0.0,2.0,,,
cem,twomoon,linear,1.0,0.7220195936466738,0.5213122917239018,0.7220195923407493,0.0,1.0,,,
cem,twomoon,linear,1.0,0.725453940713398,0.5262834039186766,0.7254539295631918,0.0,1.0,,,
cem,twomoon,linear,2.0,0.8870170192774787,0.7146147318044835,0.8442672497558652,0.0,1.0,,,
cem,twomoon,linear,2.0,0.8190881859931537,0.4883535091785685,0.6860407303737708,0.0,1.0,,,
cem,twomoon,linear,2.0,1.016268215720647,0.7937976010513288,0.8805566218879498,0.0,1.0,,,
cem,twomoon,linear,2.0,0.8621320371955199,0.5617629691337676,0.7393898291884431,0.0,1.0,,,
cem_vae,adult,linear,7.0,5.051890770954762,4.437542371614499,1.0,0.0,4.0,0.0,1.0,1.4363760799999965
cem_vae,adult,linear,8.0,4.601931927526511,3.7552308165506965,1.0,0.0,7.0,,,
cem_vae,adult,linear,12.0,6.505795553727915,5.044007422492545,1.0,2.0,8.0,,,
cem_vae,adult,linear,5.0,2.964587245488304,2.390253761516335,1.0,1.0,5.0,,,
cem_vae,adult,linear,4.0,2.6005290900882745,2.2601060948537817,1.0,0.0,4.0,,,
cem_vae,adult,linear,8.0,4.52833398679791,3.6281395760205903,1.0,0.0,6.0,,,
cem_vae,adult,linear,10.0,4.782211902322423,3.1724669442687725,1.0,1.0,8.0,,,
cem_vae,adult,linear,6.0,3.3929132639836883,2.6502328762104117,1.0,0.0,6.0,,,
cem_vae,adult,linear,8.0,4.376930022991755,3.5713133241436945,1.0,0.0,6.0,,,
cem_vae,adult,linear,4.0,2.6315794501197094,2.2575546053645903,1.0,1.0,4.0,,,
cem_vae,adult,linear,6.0,3.2025214253917413,2.5388683136787806,1.0,0.0,5.0,,,
cem_vae,adult,linear,8.0,4.586940213238336,3.753895502753964,1.0,0.0,6.0,,,
cem_vae,adult,linear,7.0,4.62279442402448,3.765078462147869,1.0,0.0,9.0,,,
cem_vae,adult,linear,2.0,1.0369756554915155,1.0013671966353863,1.0,0.0,4.0,,,
cem_vae,adult,linear,6.0,3.988716154072516,3.403479652981332,1.0,0.0,5.0,,,
cem_vae,adult,linear,6.0,4.1067171500640285,3.470926783708166,1.0,1.0,5.0,,,
cem_vae,adult,linear,5.0,3.567095962945796,3.25450186453978,1.0,1.0,4.0,,,
cem_vae,adult,linear,9.0,4.512404699862008,3.0336343083621102,1.0,1.0,7.0,,,
cem_vae,adult,linear,10.0,4.7873426389146525,3.7054868020483482,1.0,1.0,8.0,,,
cem_vae,adult,linear,8.0,4.557575004170063,3.627986382224464,1.0,0.0,6.0,,,
cem_vae,compass,linear,2.0,2.000000000196068,2.0,1.0,2.0,2.0,1.0,1.0,1.8216210499999987
cem_vae,compass,linear,1.0,1.0000000015685433,1.0,1.0,1.0,1.0,,,
cem_vae,compass,linear,1.0,1.0,1.0,1.0,1.0,0.0,,,
cem_vae,compass,linear,1.0,1.0000000003921359,1.0,1.0,1.0,1.0,,,
cem_vae,compass,linear,1.0,1.0000000031370866,1.0,1.0,1.0,1.0,,,
cem_vae,compass,linear,1.0,1.0,1.0,1.0,1.0,0.0,,,
cem_vae,compass,linear,1.0,1.0000000001960678,1.0,1.0,1.0,1.0,,,
cem_vae,compass,linear,1.0,1.0000000003921359,1.0,1.0,1.0,1.0,,,
cem_vae,compass,linear,2.0,2.000000000196068,2.0,1.0,2.0,2.0,,,
cem_vae,compass,linear,1.0,1.0000000003921359,1.0,1.0,1.0,1.0,,,
cem_vae,compass,linear,1.0,1.0000000001960678,1.0,1.0,1.0,1.0,,,
cem_vae,compass,linear,1.0,1.0000000001960678,1.0,1.0,1.0,1.0,,,
cem_vae,compass,linear,1.0,1.0,1.0,1.0,1.0,0.0,,,
cem_vae,compass,linear,1.0,1.0000000001960678,1.0,1.0,1.0,1.0,,,
cem_vae,compass,linear,1.0,1.0000000031370866,1.0,1.0,1.0,1.0,,,
cem_vae,compass,linear,1.0,1.0000000094112598,1.0,1.0,1.0,1.0,,,
cem_vae,compass,linear,1.0,1.0000000023528148,1.0,1.0,1.0,1.0,,,
cem_vae,compass,linear,1.0,1.0,1.0,1.0,1.0,0.0,,,
cem_vae,compass,linear,1.0,1.0000000054899014,1.0,1.0,1.0,1.0,,,
cem_vae,compass,linear,1.0,1.0000000031370866,1.0,1.0,1.0,1.0,,,
cem_vae,credit,linear,3.0,2.3798083171123934,2.144254349833787,1.0,1.0,5.0,0.0,1.0,2.0713218600000003
cem_vae,credit,linear,5.0,4.137607141079848,4.018935724253009,1.0,1.0,7.0,,,
cem_vae,credit,linear,5.0,4.130817453273469,4.017113206026808,1.0,1.0,2.0,,,
cem_vae,credit,linear,5.0,4.110626976530016,4.012238327751486,1.0,1.0,6.0,,,
cem_vae,credit,linear,6.0,4.305555560670677,4.047067901234568,1.0,1.0,7.0,,,
cem_vae,credit,linear,4.0,3.222222242611283,3.0493827160493834,1.0,1.0,6.0,,,
cem_vae,credit,linear,6.0,4.5833333357013775,4.201388888888888,1.0,1.0,7.0,,,
cem_vae,credit,linear,4.0,3.2787753354191134,3.0777156870465348,1.0,1.0,4.0,,,
cem_vae,credit,linear,3.0,2.4209669837233743,2.1772132006426688,1.0,1.0,4.0,,,
cem_vae,credit,linear,4.0,4.000000012077055,4.0,1.0,1.0,7.0,,,
cem_vae,credit,linear,4.0,3.3982790791841406,3.1586262182804745,1.0,1.0,4.0,,,
cem_vae,credit,linear,3.0,2.4084342768160067,2.1668185543909573,1.0,1.0,3.0,,,
cem_vae,credit,linear,7.0,4.000972196592849,3.5000009451635394,1.0,1.0,8.0,,,
cem_vae,credit,linear,4.0,3.318287025233756,3.1013066238929383,1.0,1.0,6.0,,,
cem_vae,credit,linear,5.0,4.337158570770549,4.113675895088946,1.0,1.0,6.0,,,
cem_vae,credit,linear,3.0,2.396965387511044,2.1575815164780043,1.0,1.0,4.0,,,
cem_vae,credit,linear,4.0,3.0442079721246924,3.0019543446381616,1.0,1.0,4.0,,,
cem_vae,credit,linear,6.0,4.500000004946454,4.138888888888888,1.0,1.0,7.0,,,
cem_vae,credit,linear,3.0,2.4254408084364085,2.180999864322985,1.0,1.0,4.0,,,
cem_vae,credit,linear,3.0,3.0000000201713464,3.0,1.0,1.0,5.0,,,
cem_vae,german,linear,4.0,1.1362533788688798,0.3956225907134701,0.5,2.0,4.0,0.72,1.0,2.343520615
cem_vae,german,linear,4.0,1.264688889752005,0.4962006546324,0.5,2.0,4.0,,,
cem_vae,german,linear,4.0,1.173294590203199,0.4252586834793789,0.5,2.0,4.0,,,
cem_vae,german,linear,4.0,1.2310438866864009,0.4589523538102086,0.5,2.0,4.0,,,
cem_vae,german,linear,4.0,1.335150501270168,0.5467381179580851,0.5,2.0,3.0,,,
cem_vae,german,linear,4.0,1.1278392671033417,0.4682869935948983,0.5,2.0,4.0,,,
cem_vae,german,linear,4.0,1.2322809942729156,0.4858790954565566,0.5,2.0,4.0,,,
cem_vae,german,linear,1.0,0.4705882411795364,0.22145328719723187,0.4705882352941176,0.0,2.0,,,
cem_vae,german,linear,4.0,1.1546234208440722,0.4364241348788795,0.5,2.0,4.0,,,
cem_vae,german,linear,4.0,1.3742682777964272,0.6150327710749344,0.5588235294117647,2.0,3.0,,,
cem_vae,german,linear,4.0,1.3460817142968116,0.5414748093105939,0.5,2.0,4.0,,,
cem_vae,german,linear,1.0,0.4705882410796822,0.22145328719723187,0.4705882352941176,0.0,2.0,,,
cem_vae,german,linear,2.0,0.4779309614581584,0.12029251860124382,0.29411764705882354,0.0,3.0,,,
cem_vae,german,linear,2.0,0.496757409641277,0.12756806023995734,0.29411764705882354,0.0,3.0,,,
cem_vae,german,linear,1.0,0.4705882427000714,0.22145328719723187,0.4705882352941176,0.0,2.0,,,
cem_vae,german,linear,1.0,0.6470588361177059,0.4186851211072666,0.6470588235294118,0.0,2.0,,,
cem_vae,german,linear,4.0,1.113040792414688,0.4085310415214961,0.5,2.0,4.0,,,
cem_vae,german,linear,4.0,1.1174466154900389,0.3989160958313375,0.5,2.0,4.0,,,
cem_vae,german,linear,4.0,1.1671517071668551,0.5161822005121445,0.5,2.0,4.0,,,
cem_vae,german,linear,4.0,1.4208017640862882,0.5691979269687559,0.5,2.0,4.0,,,
cem_vae,mortgage,linear,1.0,0.5907407658096107,0.3489746416523607,0.590740756721898,0.0,1.0,0.040000000000000036,1.0,2.220725089999996
cem_vae,mortgage,linear,1.0,0.3185987302298209,0.10150514369904833,0.3185987189224844,0.0,1.0,,,
cem_vae,mortgage,linear,1.0,0.2914478627084421,0.08494185147480354,0.2914478537831484,0.0,1.0,,,
cem_vae,mortgage,linear,2.0,0.23889061750498405,0.04123967880996533,0.1991488696641885,0.0,1.0,,,
cem_vae,mortgage,linear,1.0,0.5265678830431921,0.2772737127987833,0.5265678615323792,0.0,1.0,,,
cem_vae,mortgage,linear,1.0,0.4573520382485336,0.20917087617493726,0.4573520265341974,0.0,1.0,,,
cem_vae,mortgage,linear,2.0,0.3059379879764358,0.054369134710431116,0.21449178840986388,0.0,2.0,,,
cem_vae,mortgage,linear,1.0,0.4905443178252075,0.2406337083214812,0.490544298021576,0.0,1.0,,,
cem_vae,mortgage,linear,1.0,0.35248928328504914,0.12424869344037487,0.3524892813127441,0.0,1.0,,,
cem_vae,mortgage,linear,1.0,0.42031587206591947,0.1766654203239795,0.42031585780693465,0.0,1.0,,,
cem_vae,mortgage,linear,1.0,0.646619196153079,0.4181163605926433,0.6466191774086529,0.0,1.0,,,
cem_vae,mortgage,linear,1.0,0.4099347706095953,0.1680465149002081,0.40993476907943305,0.0,1.0,,,
cem_vae,mortgage,linear,1.0,0.5904631342873662,0.3486467023289497,0.5904631252914526,0.0,1.0,,,
cem_vae,mortgage,linear,2.0,0.2999007201300995,0.07843554934590666,0.279305159702772,0.0,1.0,,,
cem_vae,mortgage,linear,1.0,0.4231936524493168,0.17909285963818425,0.4231936431920784,0.0,1.0,,,
cem_vae,mortgage,linear,1.0,0.3242273166665778,0.10512335087132336,0.3242273135800304,0.0,1.0,,,
cem_vae,mortgage,linear,1.0,0.4961397185503209,0.2461546181105453,0.4961397163204588,0.0,1.0,,,
cem_vae,mortgage,linear,2.0,0.29125884132353663,0.04463218318557348,0.1789185094222686,0.0,1.0,,,
cem_vae,mortgage,linear,2.0,0.26709956507779786,0.04121960817457492,0.18622102394348566,0.0,1.0,,,
cem_vae,mortgage,linear,1.0,0.4639494483390406,0.2152490728750498,0.4639494292216011,0.0,1.0,,,
cem_vae,twomoon,linear,,,,,,,,0.0,1.81550929
clue,adult,linear,51.0,15.50978017311233,9.585335767710896,1.120241567492485,2.0,51.0,0.97,1.0,7.984990440000002
clue,adult,linear,51.0,13.725348915222506,8.24857817464433,1.1377066075801852,2.0,51.0,,,
clue,adult,linear,51.0,15.968755048268008,9.851395600381352,1.147319033741951,2.0,51.0,,,
clue,adult,linear,51.0,19.605271208218035,15.20285613197588,1.5750803351402285,2.0,47.0,,,
clue,adult,linear,51.0,15.736558653335862,10.113930697928637,1.21323561668396,2.0,51.0,,,
clue,adult,linear,51.0,19.08842708569455,14.203895090987926,1.3744937479496002,2.0,51.0,,,
clue,adult,linear,51.0,15.079410932383034,9.486722236523676,1.2111451476812365,2.0,51.0,,,
clue,adult,linear,51.0,18.38744659065064,13.802578550636342,1.4342858195304868,2.0,51.0,,,
clue,adult,linear,51.0,20.134373388910745,15.740259544961848,1.5535304546356201,2.0,51.0,,,
clue,adult,linear,51.0,17.420959197287413,12.327175770717176,1.1606843024492264,2.0,51.0,,,
clue,adult,linear,51.0,17.661847858006894,12.303172370842296,1.1437937766313553,2.0,51.0,,,
clue,adult,linear,51.0,19.655699422527952,14.598013918184538,1.5057458877563477,2.0,51.0,,,
clue,adult,linear,51.0,18.705364396178148,13.20794336453148,1.3267664909362793,2.0,48.0,,,
clue,adult,linear,51.0,22.220458354511557,17.34515662583331,1.5750805139541626,2.0,47.0,,,
clue,adult,linear,51.0,16.748305342388715,11.57447542179154,1.1968571096658709,2.0,51.0,,,
clue,adult,linear,51.0,16.957530646086614,11.597305456813395,1.3882158696651459,2.0,51.0,,,
clue,adult,linear,51.0,16.225618486427475,10.352812802432547,1.1419524252414703,2.0,51.0,,,
clue,adult,linear,51.0,22.65442810449112,18.905322236431907,1.4615139961242676,2.0,51.0,,,
clue,adult,linear,51.0,18.687133802289623,13.500445315338464,1.4033367037773132,2.0,51.0,,,
clue,adult,linear,51.0,14.72685853500664,9.937719315175032,1.321018934249878,2.0,51.0,,,
clue,compass,linear,7.0,2.9605796744948933,1.8336526284082664,0.87299644947052,5.0,4.0,0.5333333333333333,0.75,2.6047389299999963
clue,compass,linear,7.0,3.0132112534422624,1.9251517836562373,0.8955577643294084,5.0,4.0,,,
clue,compass,linear,7.0,2.7981619199639867,1.8975331052182685,1.0263990610837936,5.0,6.0,,,
clue,compass,linear,7.0,3.1974217797580518,2.289027635888402,1.0797682906451975,5.0,4.0,,,
clue,compass,linear,7.0,2.7981619199639867,1.8975331052182685,1.0263990610837936,5.0,6.0,,,
clue,compass,linear,7.0,2.9342638850212097,1.7899806131111509,0.87299644947052,5.0,4.0,,,
clue,compass,linear,7.0,2.87710928838504,2.0270777417676498,1.0263990610837936,5.0,6.0,,,
clue,compass,linear,7.0,2.9605796744948933,1.8336526284082664,0.87299644947052,5.0,4.0,,,
clue,compass,linear,7.0,2.7981619199639867,1.8975331052182685,1.0263990610837936,5.0,6.0,,,
clue,compass,linear,7.0,2.4400548934936523,1.1568337402050748,0.6388834118843079,5.0,6.0,,,
clue,compass,linear,7.0,2.4400548934936523,1.1568337402050748,0.6388834118843079,5.0,6.0,,,
clue,compass,linear,7.0,2.545318051388389,1.3024158435380593,0.7441465697790447,5.0,6.0,,,
clue,compass,linear,7.0,2.9342638850212097,1.7899806131111509,0.87299644947052,5.0,4.0,,,
clue,compass,linear,7.0,2.9926864724410214,2.1683696996007518,1.1915149908316764,5.0,6.0,,,
clue,compass,linear,7.0,3.0395270429159464,1.9729789236070927,0.9218735538030924,5.0,4.0,,,
clue,credit,linear,20.0,9.194855491734213,6.058826845767713,1.0253245793282986,5.0,19.0,0.71,1.0,3.642471045000002
clue,credit,linear,20.0,9.731835095161033,6.803828069044324,1.2511579394340515,5.0,17.0,,,
clue,credit,linear,20.0,8.5264670098362,8.918086522428924,2.0597304105758667,5.0,17.0,,,
clue,credit,linear,20.0,9.157387212995646,6.249926563243705,1.175748974084854,5.0,16.0,,,
clue,credit,linear,20.0,8.578635633358568,7.702156292452062,1.824331521987915,5.0,16.0,,,
clue,credit,linear,20.0,7.9768923466383255,5.829239522252142,1.492399036884308,5.0,16.0,,,
clue,credit,linear,20.0,9.404483757474662,6.451724783326581,1.069617673754692,5.0,17.0,,,
clue,credit,linear,20.0,7.8742736399743745,5.199711456087553,1.2724601328372955,5.0,18.0,,,
clue,credit,linear,20.0,8.649541419667264,7.218682748026753,1.442161202430725,5.0,14.0,,,
clue,credit,linear,20.0,7.411925777816057,5.639491055305908,1.384190797805786,5.0,19.0,,,
clue,credit,linear,20.0,10.536740060826595,10.816291772534619,1.775068998336792,5.0,19.0,,,
clue,credit,linear,20.0,9.726637537284596,6.797467148600229,1.2511579394340515,5.0,17.0,,,
clue,credit,linear,20.0,7.649487921323433,5.125038845638358,1.2724601328372955,5.0,18.0,,,
clue,credit,linear,20.0,10.003687825827226,9.307128482166313,1.62558513879776,5.0,19.0,,,
clue,credit,linear,20.0,10.86893339575315,12.10150554003467,1.9665787220001216,5.0,13.0,,,
clue,credit,linear,20.0,9.149126449916071,6.2296557169435705,1.175748974084854,5.0,16.0,,,
clue,credit,linear,20.0,8.412510027711786,6.229606909854515,1.2537983655929563,5.0,18.0,,,
clue,credit,linear,20.0,9.140348277986053,5.911637842654279,1.054240345954895,5.0,12.0,,,
clue,credit,linear,20.0,10.635425727161284,7.607225228906539,1.1906236410140991,5.0,20.0,,,
clue,credit,linear,20.0,9.592938439713588,7.727516149418782,1.2999753952026367,5.0,18.0,,,
clue,mortgage,linear,2.0,0.2583894313456563,0.06316747381824445,0.2512293925124024,0.0,1.0,1.0,0.15,2.506169469999997
clue,mortgage,linear,2.0,0.3764271832344797,0.07136625108101136,0.2042999047760885,0.0,0.0,,,
clue,mortgage,linear,2.0,0.2246295602207504,0.03089417785438747,0.16553582008472933,0.0,0.0,,,
clue,twomoon,linear,,,,,,,,0.0,2.6859021650000043
cruds,adult,linear,8.0,4.244351902403587,4.019951576983174,1.0,0.0,9.0,1.0,1.0,25.54961826
cruds,adult,linear,9.0,5.541694563028614,5.190442714689419,1.0,0.0,10.0,,,
cruds,adult,linear,8.0,4.17637190522496,4.0105611573268805,1.0,0.0,9.0,,,
cruds,adult,linear,11.0,7.2494993953095905,7.020077463381258,1.0,0.0,12.0,,,
cruds,adult,linear,8.0,4.16970298819632,4.009882357713908,1.0,0.0,9.0,,,
cruds,adult,linear,11.0,7.574918803431711,7.154308160199431,1.0,0.0,12.0,,,
cruds,adult,linear,9.0,5.254851546257459,5.045018615620278,1.0,0.0,10.0,,,
cruds,adult,linear,9.0,5.317591920481563,5.0332992440728255,1.0,0.0,10.0,,,
cruds,adult,linear,15.0,11.206588290978923,11.019365251575213,1.0,0.0,16.0,,,
cruds,adult,linear,10.0,6.144796619261648,6.005934254332125,1.0,0.0,11.0,,,
cruds,adult,linear,8.0,4.2807036976020925,4.024386300653956,1.0,0.0,9.0,,,
cruds,adult,linear,9.0,5.21996040856037,5.0248523203848565,1.0,0.0,10.0,,,
cruds,adult,linear,10.0,6.162641630821849,6.00826628919953,1.0,0.0,11.0,,,
cruds,adult,linear,15.0,11.114892667324648,11.003793827362028,1.0,0.0,16.0,,,
cruds,adult,linear,12.0,8.48154644044353,8.148306718816508,1.0,0.0,13.0,,,
cruds,adult,linear,13.0,9.254883826277275,9.025384608597859,1.0,0.0,14.0,,,
cruds,adult,linear,7.0,3.323414207301328,3.064664009798804,1.0,0.0,8.0,,,
cruds,adult,linear,15.0,11.485188200443845,11.078951578350727,1.0,0.0,16.0,,,
cruds,adult,linear,9.0,5.1975248718610825,5.011517776235033,1.0,0.0,10.0,,,
cruds,adult,linear,13.0,9.923873750994126,9.36632075825814,1.0,0.0,14.0,,,
cruds,compass,linear,,,,,,,,0.0,8.620985614999995
cruds,credit,linear,11.0,3.96225294801924,3.173319877338048,1.0,0.0,11.0,1.0,1.0,12.81330051
cruds,credit,linear,11.0,3.469424987262655,2.540404746117424,1.0,0.0,11.0,,,
cruds,credit,linear,11.0,2.621009513036647,2.0882285143320294,1.0,0.0,11.0,,,
cruds,credit,linear,11.0,3.3119195247808006,2.4343995616241667,1.0,0.0,11.0,,,
cruds,credit,linear,11.0,3.3237067278996824,2.441589012792807,1.0,0.0,11.0,,,
cruds,credit,linear,10.0,2.494381984580963,1.5132608161660706,1.0,0.0,10.0,,,
cruds,credit,linear,11.0,3.6387418190055687,2.6975902383939925,1.0,0.0,11.0,,,
cruds,credit,linear,10.0,2.465496355257505,1.4950276187761478,1.0,0.0,10.0,,,
cruds,credit,linear,12.0,4.162108747041919,3.3934483813905927,1.0,0.0,12.0,,,
cruds,credit,linear,11.0,3.4333801710863483,2.4888351514275047,1.0,0.0,11.0,,,
cruds,credit,linear,12.0,4.449663635412398,3.5343054634964486,1.0,0.0,12.0,,,
cruds,credit,linear,11.0,3.4740331396605253,2.5430334616659693,1.0,0.0,11.0,,,
cruds,credit,linear,10.0,2.4241605796336545,1.4860473052919,1.0,0.0,10.0,,,
cruds,credit,linear,11.0,3.725744760960248,2.6445439306755216,1.0,0.0,11.0,,,
cruds,credit,linear,11.0,3.1370553477163834,2.3917545320703297,1.0,0.0,11.0,,,
cruds,credit,linear,11.0,3.32024524391942,2.4401399134490376,1.0,0.0,11.0,,,
cruds,credit,linear,11.0,2.987339763925553,2.1790391637686835,1.0,0.0,11.0,,,
cruds,credit,linear,11.0,3.208798244595528,2.3978605660241534,1.0,0.0,11.0,,,
cruds,credit,linear,12.0,4.734552216437941,3.685248685469333,1.0,0.0,12.0,,,
cruds,credit,linear,12.0,4.648972152007951,3.705803368571459,1.0,0.0,12.0,,,
cruds,mortgage,linear,,,,,,,,0.0,10.032808935000002
cruds,twomoon,linear,,,,,,,,0.0,6.882209569999987
face_knn,adult,linear,2.0,1.3424657534246576,1.1172827922687183,1.0,2.0,0.0,0.98,1.0,4.031124030000001
face_knn,adult,linear,7.0,3.635948780790576,3.1257660360662185,1.0,1.0,6.0,,,
face_knn,adult,linear,10.0,6.796872311700634,6.2490579816602025,1.0,2.0,7.0,,,
face_knn,adult,linear,12.0,9.686951701778687,9.177983047760359,1.0,2.0,12.0,,,
face_knn,adult,linear,16.0,14.25044264281055,13.57283241101047,1.0,2.0,16.0,,,
face_knn,adult,linear,15.0,12.531264560618768,12.130718410221565,1.0,2.0,12.0,,,
face_knn,adult,linear,12.0,9.640092078946374,9.155564882624727,1.0,2.0,12.0,,,
face_knn,adult,linear,13.0,9.654139070605133,9.192852238038194,1.0,1.0,13.0,,,
face_knn,adult,linear,3.0,2.287671232876712,2.082754738224808,1.0,1.0,2.0,,,
face_knn,adult,linear,15.0,11.863689939107944,11.389135608758169,1.0,2.0,14.0,,,
face_knn,adult,linear,10.0,7.504743267169881,7.163926142232685,1.0,1.0,10.0,,,
face_knn,adult,linear,9.0,6.45260460348523,6.082103746031816,1.0,2.0,9.0,,,
face_knn,adult,linear,12.0,8.375246143571305,8.075825583702455,1.0,2.0,9.0,,,
face_knn,adult,linear,14.0,11.39610474326717,11.082274049178217,1.0,2.0,14.0,,,
face_knn,adult,linear,12.0,10.47190383002516,10.147210977098817,1.0,2.0,9.0,,,
face_knn,adult,linear,9.0,7.610051322691422,7.2337234299331605,1.0,2.0,9.0,,,
face_knn,adult,linear,14.0,11.737619979498648,11.40318303846087,1.0,1.0,14.0,,,
face_knn,adult,linear,13.0,9.295325837518929,9.030370645412034,1.0,1.0,13.0,,,
face_knn,adult,linear,14.0,11.372761159258225,11.080410205306942,1.0,1.0,8.0,,,
face_knn,adult,linear,12.0,9.494930574969718,9.10420517908132,1.0,2.0,10.0,,,
face_knn,compass,linear,1.0,0.2368421052631579,0.05609418282548477,0.2368421052631579,0.0,0.0,1.0,1.0,0.5139297250000027
face_knn,compass,linear,1.0,0.2894736842105263,0.08379501385041553,0.2894736842105263,0.0,0.0,,,
face_knn,compass,linear,2.0,1.131578947368421,1.0173130193905815,1.0,0.0,0.0,,,
face_knn,compass,linear,2.0,1.236842105263158,1.0560941828254848,1.0,1.0,1.0,,,
face_knn,compass,linear,2.0,1.2894736842105263,1.0837950138504155,1.0,1.0,1.0,,,
face_knn,compass,linear,3.0,2.0526315789473686,2.0027700831024933,1.0,2.0,1.0,,,
face_knn,compass,linear,3.0,2.026315789473684,2.0006925207756234,1.0,2.0,2.0,,,
face_knn,compass,linear,4.0,3.026315789473684,3.0006925207756234,1.0,2.0,2.0,,,
face_knn,compass,linear,3.0,2.1842105263157894,2.03393351800554,1.0,1.0,1.0,,,
face_knn,compass,linear,3.0,2.0526315789473686,2.0027700831024933,1.0,2.0,2.0,,,
face_knn,compass,linear,4.0,3.1315789473684217,3.0173130193905817,1.0,2.0,1.0,,,
face_knn,compass,linear,1.0,1.0,1.0,1.0,1.0,0.0,,,
face_knn,compass,linear,1.0,0.15789473684210528,0.02493074792243768,0.15789473684210528,0.0,0.0,,,
face_knn,compass,linear,3.0,2.473684210526316,2.224376731301939,1.0,2.0,1.0,,,
face_knn,compass,linear,1.0,0.02631578947368424,0.0006925207756232701,0.02631578947368424,0.0,0.0,,,
face_knn,compass,linear,4.0,3.0526315789473686,3.0027700831024933,1.0,2.0,1.0,,,
face_knn,compass,linear,1.0,0.2631578947368421,0.06925207756232689,0.2631578947368421,0.0,0.0,,,
face_knn,compass,linear,3.0,2.263157894736842,2.069252077562327,1.0,2.0,1.0,,,
face_knn,compass,linear,2.0,1.2105263157894737,1.0443213296398892,1.0,1.0,0.0,,,
face_knn,compass,linear,4.0,3.026315789473684,3.0006925207756234,1.0,2.0,2.0,,,
face_knn,credit,linear,7.0,0.6971985534434205,0.16691493102381674,0.3333333333333333,0.0,3.0,0.95,1.0,1.4514525600000068
face_knn,credit,linear,9.0,4.534400173484549,4.250394456881739,1.0,2.0,6.0,,,
face_knn,credit,linear,6.0,1.7612348534031332,1.4481766127860487,1.0,1.0,5.0,,,
face_knn,credit,linear,8.0,3.597083686591936,2.779174239400695,1.0,1.0,4.0,,,
face_knn,credit,linear,10.0,6.213197876612622,5.6338372856250745,1.0,1.0,10.0,,,
face_knn,credit,linear,8.0,2.8689381291834315,2.472810777390151,1.0,1.0,7.0,,,
face_knn,credit,linear,9.0,4.837396874765815,4.472228691592787,1.0,2.0,5.0,,,
face_knn,credit,linear,9.0,2.807288101707881,2.1617721189398,1.0,1.0,9.0,,,
face_knn,credit,linear,7.0,1.9326595509097733,1.4767472294186148,1.0,0.0,4.0,,,
face_knn,credit,linear,11.0,4.600473016224921,3.5474992620353825,1.0,2.0,9.0,,,
face_knn,credit,linear,13.0,6.4582555957633785,5.845754711341447,1.0,1.0,13.0,,,
face_knn,credit,linear,8.0,3.0377514198904105,2.485828231896205,1.0,1.0,7.0,,,
face_knn,credit,linear,12.0,4.2664333578163305,3.3090331644463062,1.0,1.0,12.0,,,
face_knn,credit,linear,9.0,3.757693924786471,3.262892728667672,1.0,2.0,8.0,,,
face_knn,credit,linear,8.0,3.2210405748523763,2.6958140779206556,1.0,0.0,4.0,,,
face_knn,credit,linear,10.0,4.530122264729531,3.830728463657639,1.0,1.0,8.0,,,
face_knn,credit,linear,7.0,2.681218082803744,2.444537685433289,1.0,1.0,7.0,,,
face_knn,credit,linear,11.0,5.194861042086343,4.484834791345206,1.0,0.0,6.0,,,
face_knn,credit,linear,10.0,4.537009829581511,4.139288103015336,1.0,0.0,10.0,,,
face_knn,credit,linear,7.0,1.7212204565866394,1.223447670575817,1.0,0.0,4.0,,,
face_knn,german,linear,3.0,0.21154481931432192,0.02782051126037517,0.16071428571428573,1.0,2.0,0.53,1.0,0.3575855499999989
face_knn,german,linear,4.0,2.315494454632299,1.7405311810296942,1.0,2.0,2.0,,,
face_knn,german,linear,4.0,1.5190232745458698,1.124451220279385,1.0,2.0,2.0,,,
face_knn,german,linear,4.0,1.4879191855018663,1.0959777419864725,1.0,2.0,1.0,,,
face_knn,german,linear,3.0,0.29549959633903083,0.03578145279749185,0.16071428571428573,1.0,2.0,,,
face_knn,german,linear,4.0,1.1695936710768824,1.011427479587918,1.0,2.0,1.0,,,
face_knn,german,linear,4.0,1.769069050532065,1.2635582099211498,1.0,2.0,1.0,,,
face_knn,german,linear,3.0,0.390532277618872,0.06428918222666592,0.17857142857142858,1.0,1.0,,,
face_knn,german,linear,3.0,0.3908766378786576,0.07457991489667135,0.22058823529411764,1.0,0.0,,,
face_knn,german,linear,4.0,2.009015326170085,1.511924540978756,1.0,2.0,1.0,,,
face_knn,german,linear,2.0,0.1632591299973274,0.017543197507266985,0.1275448442830417,1.0,0.0,,,
face_knn,german,linear,3.0,0.6787744150152633,0.1904610308155842,0.36764705882352944,1.0,0.0,,,
face_knn,german,linear,4.0,1.5638973813361594,1.2395193493699883,1.0,2.0,3.0,,,
face_knn,german,linear,3.0,1.5474633399084294,1.0043518750325264,0.7058823529411764,1.0,1.0,,,
face_knn,german,linear,3.0,0.6823108411406821,0.1879108322728302,0.3529411764705882,1.0,1.0,,,
face_knn,german,linear,3.0,0.6468064776257152,0.20625691681685185,0.4251678221635303,1.0,2.0,,,
face_knn,german,linear,4.0,2.11951196787728,1.5133634292887082,1.0,2.0,1.0,,,
face_knn,german,linear,3.0,0.6811400856149656,0.20392288719543847,0.3970588235294117,1.0,1.0,,,
face_knn,german,linear,4.0,2.2644188576718243,1.7898999605369033,1.0,2.0,1.0,,,
face_knn,german,linear,4.0,1.5334646734230173,1.203086829943823,1.0,2.0,2.0,,,
face_epsilon,adult,linear,4.0,1.4738514583915756,1.1339005946114364,1.0,1.0,3.0,0.95,1.0,3.6977439400000094
face_epsilon,adult,linear,6.0,3.374308079396142,3.057802931927172,1.0,1.0,5.0,,,
face_epsilon,adult,linear,15.0,13.153005311713727,12.511752811602161,1.0,2.0,8.0,,,
face_epsilon,adult,linear,13.0,10.817547292889758,10.306087424774127,1.0,1.0,6.0,,,
face_epsilon,adult,linear,15.0,12.666715301540064,11.998242433795829,1.0,1.0,8.0,,,
face_epsilon,adult,linear,16.0,13.606850452066164,13.166994316888854,1.0,1.0,16.0,,,
face_epsilon,adult,linear,11.0,8.609967031177161,8.184091433686202,1.0,2.0,8.0,,,
face_epsilon,adult,linear,8.0,5.00937105058258,4.322431375696501,1.0,1.0,8.0,,,
face_epsilon,adult,linear,14.0,11.428684122457664,11.113637850410877,1.0,1.0,14.0,,,
face_epsilon,adult,linear,7.0,5.102320380206877,5.00543731035944,1.0,2.0,7.0,,,
face_epsilon,adult,linear,13.0,9.454803843257892,9.066823850366948,1.0,2.0,13.0,,,
face_epsilon,adult,linear,9.0,6.45260460348523,6.082103746031816,1.0,2.0,9.0,,,
face_epsilon,adult,linear,11.0,8.165321625818997,8.009370622001091,1.0,2.0,11.0,,,
face_epsilon,adult,linear,9.0,6.527369303885938,6.096849162664364,1.0,2.0,9.0,,,
face_epsilon,adult,linear,8.0,7.273972602739726,7.07506098705198,1.0,1.0,7.0,,,
face_epsilon,adult,linear,13.0,10.390662566396422,10.067406170053776,1.0,1.0,13.0,,,
face_epsilon,adult,linear,13.0,10.812505824247507,10.304933210475633,1.0,1.0,13.0,,,
face_epsilon,adult,linear,17.0,13.917657372772124,13.241892051233902,1.0,1.0,17.0,,,
face_epsilon,adult,linear,16.0,13.521498462398656,13.111490978965184,1.0,2.0,14.0,,,
face_epsilon,adult,linear,15.0,12.413577485788837,12.082909164074126,1.0,2.0,14.0,,,
face_epsilon,compass,linear,1.0,0.2368421052631579,0.05609418282548477,0.2368421052631579,0.0,0.0,0.9473684210526316,0.95,0.5654307550000113
face_epsilon,compass,linear,1.0,0.2894736842105263,0.08379501385041553,0.2894736842105263,0.0,0.0,,,
face_epsilon,compass,linear,4.0,3.1052631578947367,3.011080332409972,1.0,2.0,2.0,,,
face_epsilon,compass,linear,2.0,1.236842105263158,1.0560941828254848,1.0,1.0,1.0,,,
face_epsilon,compass,linear,2.0,1.2894736842105263,1.0837950138504155,1.0,1.0,1.0,,,
face_epsilon,compass,linear,4.0,3.3421052631578947,3.1170360110803323,1.0,3.0,4.0,,,
face_epsilon,compass,linear,2.0,2.0,2.0,1.0,2.0,1.0,,,
face_epsilon,compass,linear,2.0,2.0,2.0,1.0,1.0,1.0,,,
face_epsilon,compass,linear,3.0,2.1052631578947367,2.011080332409972,1.0,1.0,2.0,,,
face_epsilon,compass,linear,4.0,3.0789473684210527,3.0062326869806086,1.0,2.0,2.0,,,
face_epsilon,compass,linear,3.0,2.5526315789473686,2.3054016620498614,1.0,2.0,1.0,,,
face_epsilon,compass,linear,1.0,0.15789473684210528,0.02493074792243768,0.15789473684210528,0.0,0.0,,,
face_epsilon,compass,linear,3.0,2.263157894736842,2.069252077562327,1.0,2.0,1.0,,,
face_epsilon,compass,linear,4.0,3.236842105263158,3.056094182825485,1.0,3.0,3.0,,,
face_epsilon,compass,linear,3.0,2.263157894736842,2.069252077562327,1.0,1.0,0.0,,,
face_epsilon,compass,linear,4.0,3.3421052631578947,3.1170360110803323,1.0,2.0,1.0,,,
face_epsilon,compass,linear,3.0,2.263157894736842,2.069252077562327,1.0,2.0,1.0,,,
face_epsilon,compass,linear,2.0,1.4473684210526314,1.2001385041551251,1.0,1.0,0.0,,,
face_epsilon,compass,linear,4.0,3.026315789473684,3.0006925207756234,1.0,2.0,2.0,,,
face_epsilon,credit,linear,6.0,0.4758755523642117,0.12387490855576586,0.3333333333333333,0.0,2.0,0.98,1.0,1.3772275549999904
face_epsilon,credit,linear,8.0,3.1869967730325017,3.0279632654920543,1.0,1.0,8.0,,,
face_epsilon,credit,linear,7.0,3.1174256625890804,3.0055196280238654,1.0,2.0,6.0,,,
face_epsilon,credit,linear,10.0,5.1558504813148245,4.193123246727733,1.0,1.0,10.0,,,
face_epsilon,credit,linear,6.0,1.6635503680742925,1.3135359929902153,1.0,0.0,4.0,,,
face_epsilon,credit,linear,9.0,3.5336180854152657,2.9170932148140896,1.0,1.0,8.0,,,
face_epsilon,credit,linear,9.0,4.324789635566957,3.703577412514385,1.0,2.0,5.0,,,
face_epsilon,credit,linear,9.0,2.7650650553373093,2.1585508031694443,1.0,0.0,8.0,,,
face_epsilon,credit,linear,9.0,2.952194508883732,2.206952589977358,1.0,0.0,7.0,,,
face_epsilon,credit,linear,11.0,4.956069288308782,4.36643512851741,1.0,2.0,11.0,,,
face_epsilon,credit,linear,11.0,4.640780402846977,3.9293252972365313,1.0,1.0,9.0,,,
face_epsilon,credit,linear,8.0,2.1554885117299722,1.396936515941143,1.0,1.0,4.0,,,
face_epsilon,credit,linear,8.0,3.398416671692916,3.1132317273486265,1.0,1.0,6.0,,,
face_epsilon,credit,linear,11.0,4.926955779957376,4.290708015266501,1.0,1.0,9.0,,,
face_epsilon,credit,linear,12.0,6.560348887743436,5.688262674419392,1.0,1.0,12.0,,,
face_epsilon,credit,linear,11.0,5.5155297317046665,4.829498352367867,1.0,0.0,7.0,,,
face_epsilon,credit,linear,6.0,2.1488468590615852,1.7455478252681338,1.0,0.0,4.0,,,
face_epsilon,credit,linear,8.0,3.466795536104492,3.134713005758228,1.0,0.0,8.0,,,
face_epsilon,credit,linear,12.0,6.0547912623157405,5.389921835951906,1.0,1.0,11.0,,,
face_epsilon,credit,linear,10.0,5.3967373975728865,5.112466993052613,1.0,1.0,9.0,,,
face_epsilon,german,linear,3.0,0.3454060561167352,0.0429184005779614,0.16071428571428573,1.0,1.0,0.5473684210526316,0.95,0.3830467099999851
face_epsilon,german,linear,4.0,1.8959643613140202,1.4629819599385618,1.0,2.0,2.0,,,
face_epsilon,german,linear,4.0,1.6497289737948662,1.1689125562429703,1.0,2.0,1.0,,,
face_epsilon,german,linear,4.0,1.467131570356766,1.0813610676181051,1.0,2.0,1.0,,,
face_epsilon,german,linear,3.0,0.5215926251649554,0.1435152735537173,0.35294117647058826,1.0,2.0,,,
face_epsilon,german,linear,3.0,0.4044177756939685,0.12601661944582465,0.3529411764705882,1.0,2.0,,,
face_epsilon,german,linear,3.0,0.9587890124686388,0.4789271620777186,0.6029411764705882,1.0,1.0,,,
face_epsilon,german,linear,3.0,0.6244741541383803,0.13715274603584865,0.2647058823529411,1.0,1.0,,,
face_epsilon,german,linear,4.0,1.2982149446110571,1.0563186703581449,1.0,2.0,2.0,,,
face_epsilon,german,linear,3.0,1.7842756944309583,1.3031709683358264,0.9264705882352942,1.0,1.0,,,
face_epsilon,german,linear,4.0,1.241317936880926,1.0336688255031756,1.0,2.0,2.0,,,
face_epsilon,german,linear,3.0,0.3741774193995855,0.07878127892597889,0.2647058823529411,1.0,2.0,,,
face_epsilon,german,linear,3.0,0.917578371725052,0.51815085560456,0.6964285714285714,1.0,0.0,,,
face_epsilon,german,linear,3.0,0.6148631621681357,0.1547230118868621,0.3088235294117647,1.0,1.0,,,
face_epsilon,german,linear,2.0,0.4800892955399394,0.17210562824755407,0.4086607241113679,1.0,0.0,,,
face_epsilon,german,linear,4.0,1.7170705357085059,1.2115126856937937,1.0,2.0,1.0,,,
face_epsilon,german,linear,3.0,0.8483677393043714,0.3107960245375384,0.4852941176470588,1.0,1.0,,,
face_epsilon,german,linear,3.0,1.6306300995142198,1.355200335713319,1.0,2.0,1.0,,,
face_epsilon,german,linear,3.0,1.4900632587138518,0.9294604389382676,0.8382352941176471,1.0,1.0,,,
gravitational,adult,linear,51.0,16.25624777297608,12.07282614178512,1.0233789682388306,2.0,51.0,0.48,1.0,0.009117554999999911
gravitational,adult,linear,50.0,16.239351601611062,12.20094813067392,1.0232198163866997,2.0,50.0,,,
gravitational,adult,linear,50.0,16.896195181173535,12.82328565789973,1.0232198163866997,2.0,50.0,,,
gravitational,adult,linear,51.0,17.71991928299785,13.495308337363728,1.0233789682388306,2.0,51.0,,,
gravitational,adult,linear,51.0,17.607939856645743,13.452480347157975,1.0233789682388306,2.0,51.0,,,
gravitational,adult,linear,50.0,17.887351423043473,13.65484355817926,1.0232198163866997,2.0,50.0,,,
gravitational,adult,linear,51.0,17.6011002224059,13.465583814006509,1.0233789682388306,2.0,51.0,,,
gravitational,adult,linear,50.0,15.911885908408207,11.753068762310788,1.0232198163866997,2.0,50.0,,,
gravitational,adult,linear,50.0,16.80682025942652,12.594268274204964,1.0232198163866997,2.0,50.0,,,
gravitational,adult,linear,50.0,16.528015026282723,12.438897967572972,1.0232198163866997,2.0,50.0,,,
gravitational,adult,linear,50.0,16.576671605316204,12.484807801296691,1.0232198163866997,2.0,50.0,,,
gravitational,adult,linear,50.0,16.78983474341926,12.527050523996609,1.0232198163866997,2.0,50.0,,,
gravitational,adult,linear,50.0,17.03169607228413,12.681313689714509,1.0232198163866997,2.0,50.0,,,
gravitational,adult,linear,50.0,16.550756567910643,12.344948226846968,1.0232198163866997,2.0,50.0,,,
gravitational,adult,linear,50.0,16.70644445523428,12.50819374830908,1.0232198163866997,2.0,50.0,,,
gravitational,adult,linear,50.0,16.0402216987685,11.973507360937061,1.0232198163866997,2.0,50.0,,,
gravitational,adult,linear,51.0,16.674257100577897,12.524233874691015,1.0233789682388306,2.0,51.0,,,
gravitational,adult,linear,51.0,18.08363985293281,13.869978524327445,1.0233789682388306,2.0,51.0,,,
gravitational,adult,linear,51.0,17.537155078014955,13.379251472873941,1.0233789682388306,2.0,51.0,,,
gravitational,adult,linear,50.0,17.42474402971243,13.294417639745145,1.0232198163866997,2.0,50.0,,,
gravitational,compass,linear,,,,,,,,0.0,0.012444484999999972
gravitational,credit,linear,20.0,11.187973538612901,9.193864210988174,1.0229469537734985,5.0,19.0,0.0,1.0,0.008170520000000004
gravitational,credit,linear,20.0,12.080040095524659,10.106509914242595,1.0229469537734985,5.0,19.0,,,
gravitational,credit,linear,20.0,9.98969368939976,7.487891518655562,1.0189085704034095,5.0,19.0,,,
gravitational,credit,linear,20.0,11.962466962971199,9.575647729892776,1.0229469537734985,5.0,18.0,,,
gravitational,credit,linear,20.0,12.509264248952066,10.35347071278901,1.0229469537734985,5.0,18.0,,,
gravitational,credit,linear,20.0,12.799741422488196,10.549990274338281,1.0229469537734985,5.0,18.0,,,
gravitational,credit,linear,20.0,11.562711810424918,9.240013423839194,1.0229469537734985,5.0,18.0,,,
gravitational,credit,linear,20.0,12.984537845299828,10.959061708755355,1.0229469537734985,5.0,18.0,,,
gravitational,credit,linear,20.0,11.817405698155248,9.418765796657858,1.0156551901004658,5.0,18.0,,,
gravitational,credit,linear,20.0,12.344494976560819,9.83191943912677,1.0100568495690823,5.0,18.0,,,
gravitational,credit,linear,20.0,12.802466103683132,10.451342832500615,1.0229469537734985,5.0,18.0,,,
gravitational,credit,linear,20.0,10.414956906926328,8.134678851314483,1.0229469537734985,5.0,19.0,,,
gravitational,credit,linear,20.0,12.382120660062872,10.046505090276955,1.0229469537734985,5.0,19.0,,,
gravitational,credit,linear,20.0,11.511886296030571,9.31950971185555,1.0123857165434327,5.0,18.0,,,
gravitational,credit,linear,20.0,11.69119500051904,9.474108619582392,1.0229469537734985,5.0,18.0,,,
gravitational,credit,linear,20.0,11.02924550253371,9.026107701288883,1.0229469537734985,5.0,19.0,,,
gravitational,credit,linear,20.0,12.446885534827462,9.941581319982767,1.0229469537734985,5.0,17.0,,,
gravitational,credit,linear,20.0,13.690054240978789,11.18630730493318,1.0229469537734985,5.0,17.0,,,
gravitational,credit,linear,20.0,11.429776170662672,9.16797145198933,1.0172840856237944,5.0,18.0,,,
gravitational,credit,linear,20.0,11.839633157119906,9.616230738264282,1.0229469537734985,5.0,18.0,,,
gravitational,german,linear,4.0,0.8194470968813383,0.19957811373975154,0.2827051281929016,2.0,3.0,1.0,1.0,0.005452585000000098
gravitational,german,linear,4.0,0.7398323239728802,0.17499928210885252,0.2827051281929016,2.0,3.0,,,
gravitational,german,linear,4.0,0.7283538538147519,0.17448899245971997,0.2827051281929016,2.0,3.0,,,
gravitational,german,linear,4.0,0.8029538950838027,0.265698733449077,0.4256657151614919,2.0,3.0,,,
gravitational,german,linear,4.0,1.3978646176522014,0.6839698839375941,0.7099263072013855,2.0,3.0,,,
gravitational,german,linear,4.0,0.645884935437874,0.14806919355271186,0.2827051281929016,2.0,3.0,,,
gravitational,german,linear,4.0,1.114315306508888,0.34763884466017936,0.4256657151614919,2.0,3.0,,,
gravitational,german,linear,4.0,1.2324315244686648,0.6142857170555707,0.7099263072013855,2.0,4.0,,,
gravitational,german,linear,4.0,0.9738678619469269,0.30851483975832156,0.4256657151614919,2.0,3.0,,,
gravitational,german,linear,4.0,1.5382026750463038,0.6853110783676692,0.6147748077579546,2.0,3.0,,,
gravitational,german,linear,4.0,0.8018553515769584,0.186091103525786,0.2827051281929016,2.0,3.0,,,
gravitational,german,linear,4.0,0.6727032814520106,0.15656478816438157,0.2827051281929016,2.0,3.0,,,
gravitational,german,linear,4.0,1.1747594662943273,0.6125227133885202,0.7099263072013855,2.0,4.0,,,
gravitational,german,linear,4.0,0.6910772794853782,0.19703784992535633,0.3379329925074297,2.0,3.0,,,
gravitational,german,linear,4.0,0.7880889617916401,0.17505866303971324,0.2827051281929016,2.0,3.0,,,
gravitational,german,linear,4.0,0.6525445864478383,0.1343230866093833,0.2827051281929016,2.0,4.0,,,
gravitational,german,linear,4.0,0.5940119096607368,0.14359494874780407,0.2827051281929016,2.0,3.0,,,
gravitational,german,linear,4.0,0.8248155865203005,0.20679518802322516,0.2827051281929016,2.0,3.0,,,
gravitational,german,linear,4.0,1.1651983087933504,0.5957699712004348,0.7099263072013855,2.0,4.0,,,
gravitational,german,linear,4.0,1.1191577919232993,0.47325763124135034,0.5967847301679499,2.0,3.0,,,
gravitational,mortgage,linear,,,,,,,,0.0,0.00565048000000008
gravitational,twomoon,linear,,,,,,,,0.0,0.008472749999999963
greedy,adult,linear,0.0,4.0396296752120975e-08,8.962229397581507e-16,2.781550090258378e-08,0.0,0.0,0.13,1.0,76.286314595
greedy,adult,linear,0.0,1.8046343308597557e-08,1.5925124505673253e-16,9.798023781204535e-09,0.0,0.0,,,
greedy,adult,linear,0.0,5.778703920933381e-08,1.2039877125491225e-15,2.9665488954222496e-08,0.0,0.0,,,
greedy,adult,linear,0.0,2.98668945686309e-08,3.002277807174417e-16,1.1920928910669204e-08,0.0,0.0,,,
greedy,adult,linear,0.0,3.896741829212402e-08,8.935979050608665e-16,2.781550090258378e-08,0.0,0.0,,,
greedy,adult,linear,0.0,3.764740674760958e-08,6.964551116624547e-16,2.384185793236071e-08,0.0,0.0,,,
greedy,adult,linear,0.0,4.172158502013801e-08,7.490693713437114e-16,2.384185793236071e-08,0.0,0.0,,,
greedy,adult,linear,0.0,4.080038190634738e-08,9.092849789066235e-16,2.781550090258378e-08,0.0,0.0,,,
greedy,adult,linear,0.0,2.964235462643572e-08,3.2207406836013314e-16,1.2247529768139032e-08,0.0,0.0,,,
greedy,adult,linear,0.0,3.0958616947796e-08,7.829605124276932e-16,2.781550090258378e-08,0.0,0.0,,,
greedy,adult,linear,0.0,4.3504003344185804e-08,9.224965772207422e-16,2.781550090258378e-08,0.0,0.0,,,
greedy,adult,linear,0.0,1.5350821634674272e-08,1.506026600852334e-16,1.1920928910669204e-08,0.0,0.0,,,
greedy,adult,linear,0.0,5.019432058883666e-08,1.024224634202016e-15,2.781550090258378e-08,0.0,0.0,,,
greedy,adult,linear,0.0,3.1224257845963166e-08,5.147667820331893e-16,1.9868214962137642e-08,0.0,0.0,,,
greedy,adult,linear,0.0,2.6991778201423955e-08,4.2066085836354336e-16,1.9868214962137642e-08,0.0,0.0,,,
greedy,adult,linear,0.0,4.978606954475495e-08,1.015057845055806e-15,2.781550090258378e-08,0.0,0.0,,,
greedy,adult,linear,0.0,3.540202631047151e-08,6.886633420054365e-16,2.384185793236071e-08,0.0,0.0,,,
greedy,adult,linear,0.0,5.106053374559494e-08,1.0249749594349571e-15,2.781550090258378e-08,0.0,0.0,,,
greedy,adult,linear,0.0,4.284580273905547e-08,9.102231252635827e-16,2.781550090258378e-08,0.0,0.0,,,
greedy,adult,linear,0.0,3.642265378189791e-08,6.90955038963383e-16,2.384185793236071e-08,0.0,0.0,,,
greedy,compass,linear,0.0,1.9606791190618367e-10,3.8442626079251e-20,1.9606791190618367e-10,0.0,0.0,0.0,1.0,521.774312715
greedy,compass,linear,0.0,1.9606791190618367e-10,3.8442626079251e-20,1.9606791190618367e-10,0.0,0.0,,,
greedy,compass,linear,0.0,0.0,0.0,0.0,0.0,0.0,,,
greedy,compass,linear,0.0,3.9213582381236733e-10,1.53770504317004e-19,3.9213582381236733e-10,0.0,0.0,,,
greedy,compass,linear,0.0,7.842716476247347e-10,6.15082017268016e-19,7.842716476247347e-10,0.0,0.0,,,
greedy,compass,linear,0.0,0.0,0.0,0.0,0.0,0.0,,,
greedy,compass,linear,0.0,1.9606791190618367e-10,3.8442626079251e-20,1.9606791190618367e-10,0.0,0.0,,,
greedy,compass,linear,0.0,0.0,0.0,0.0,0.0,0.0,,,
greedy,compass,linear,0.0,0.0,0.0,0.0,0.0,0.0,,,
greedy,compass,linear,0.0,4.705629857992832e-09,2.2142952360433643e-17,4.705629857992832e-09,0.0,0.0,,,
greedy,compass,linear,0.0,1.5685432952494693e-09,2.460328069072064e-18,1.5685432952494693e-09,0.0,0.0,,,
greedy,compass,linear,0.0,1.9606791190618367e-10,3.8442626079251e-20,1.9606791190618367e-10,0.0,0.0,,,
greedy,compass,linear,0.0,0.0,0.0,0.0,0.0,0.0,,,
greedy,compass,linear,0.0,0.0,0.0,0.0,0.0,0.0,,,
greedy,compass,linear,0.0,0.0,0.0,0.0,0.0,0.0,,,
greedy,compass,linear,0.0,4.705629857992832e-09,2.2142952360433643e-17,4.705629857992832e-09,0.0,0.0,,,
greedy,compass,linear,0.0,7.842716476247347e-10,6.15082017268016e-19,7.842716476247347e-10,0.0,0.0,,,
greedy,compass,linear,0.0,1.5685432952494693e-09,2.460328069072064e-18,1.5685432952494693e-09,0.0,0.0,,,
greedy,compass,linear,0.0,9.411259715985665e-09,8.857180944173457e-17,9.411259715985665e-09,0.0,0.0,,,
greedy,compass,linear,0.0,6.274173125486726e-09,3.936524840857987e-17,6.274173125486726e-09,0.0,0.0,,,
greedy,credit,linear,0.0,1.0418362966389469e-08,9.879969299127451e-17,9.934107481068821e-09,0.0,0.0,0.0,1.0,1221.0935097949998
greedy,credit,linear,0.0,1.0322418517172416e-08,4.945707413978818e-17,4.967053740534411e-09,0.0,0.0,,,
greedy,credit,linear,0.0,2.9597948975404464e-08,1.9481173434251018e-16,9.934107481068821e-09,0.0,0.0,,,
greedy,credit,linear,0.0,1.587155189154872e-08,1.2372553671040521e-16,9.934107481068821e-09,0.0,0.0,,,
greedy,credit,linear,0.0,1.709068500263533e-08,1.1553958627835605e-16,9.934107481068821e-09,0.0,0.0,,,
greedy,credit,linear,0.0,2.2044745160614346e-08,3.9758930881682884e-16,1.9868214962137642e-08,0.0,0.0,,,
greedy,credit,linear,0.0,3.14864421159175e-08,4.523589689603061e-16,1.9868214962137642e-08,0.0,0.0,,,
greedy,credit,linear,0.0,1.583988571036976e-08,1.2404825288387974e-16,9.934107481068821e-09,0.0,0.0,,,
greedy,credit,linear,0.0,1.9448150700984712e-08,1.3028006347610817e-16,9.934107481068821e-09,0.0,0.0,,,
greedy,credit,linear,0.0,2.995110237602461e-08,4.4307619046115915e-16,1.9868214962137642e-08,0.0,0.0,,,
greedy,credit,linear,0.0,3.110160194316758e-08,4.94245914764366e-16,1.9868214962137642e-08,0.0,0.0,,,
greedy,credit,linear,0.0,5.003567987564052e-09,2.4672289571016706e-17,4.967053740534411e-09,0.0,0.0,,,
greedy,credit,linear,0.0,2.127744157167516e-08,3.959394611259988e-16,1.9868214962137642e-08,0.0,0.0,,,
greedy,credit,linear,0.0,1.076882997705364e-08,9.893864661098084e-17,9.934107481068821e-09,0.0,0.0,,,
greedy,credit,linear,0.0,1.0017679815451513e-08,9.868950138288682e-17,9.934107481068821e-09,0.0,0.0,,,
greedy,credit,linear,0.0,4.1568053156266355e-08,7.92244607411961e-16,1.9868214962137642e-08,0.0,0.0,,,
greedy,credit,linear,0.0,3.154255270865214e-08,4.94607977713687e-16,1.9868214962137642e-08,0.0,0.0,,,
greedy,credit,linear,0.0,2.481466944599664e-08,2.1133414023820088e-16,9.934107481068821e-09,0.0,0.0,,,
greedy,credit,linear,0.0,1.4071315955098071e-08,1.0639896765865545e-16,9.934107481068821e-09,0.0,0.0,,,
greedy,credit,linear,0.0,1.296788182565678e-08,1.054941196018727e-16,9.934107481068821e-09,0.0,0.0,,,
greedy,german,linear,0.0,8.372545629020678e-09,2.4508787596270532e-17,3.614191626533092e-09,0.0,0.0,0.0,1.0,763.92596414
greedy,german,linear,0.0,1.654176573495647e-08,2.0302604165676492e-16,1.402462229682655e-08,0.0,0.0,,,
greedy,german,linear,0.0,2.9016718472441028e-08,2.828088317850704e-16,1.0518466764253276e-08,0.0,0.0,,,
greedy,german,linear,0.0,9.749357602478748e-09,7.333027878451805e-17,8.514949301208219e-09,0.0,0.0,,,
greedy,german,linear,0.0,1.4139248702416118e-08,1.641891073484389e-16,1.2772423896301177e-08,0.0,0.0,,,
greedy,german,linear,0.0,1.4164297512664348e-09,1.1488776873852224e-18,9.781603027558816e-10,0.0,0.0,,,
greedy,german,linear,0.0,8.252541539022218e-09,3.0968978499671866e-17,4.257474622848534e-09,0.0,0.0,,,
greedy,german,linear,0.0,1.3165163861850182e-08,1.6328905686734475e-16,1.2772423896301177e-08,0.0,0.0,,,
greedy,german,linear,0.0,1.16082941592488e-08,6.133649769549175e-17,7.0123111761688506e-09,0.0,0.0,,,
greedy,german,linear,0.0,2.1482930122329602e-09,1.6606081896272709e-18,9.117470702035835e-10,0.0,0.0,,,
greedy,german,linear,0.0,6.9151407239287366e-09,2.117112042547663e-17,3.283765301342889e-09,0.0,0.0,,,
greedy,german,linear,0.0,1.5773883005332223e-08,1.490260829570441e-16,1.1892067885987956e-08,0.0,0.0,,,
greedy,german,linear,0.0,1.635461807647509e-08,1.2819906628595526e-16,1.0344065659584345e-08,0.0,0.0,,,
greedy,german,linear,0.0,4.08845471366881e-09,1.099757512716703e-17,3.1931059740752943e-09,0.0,0.0,,,
greedy,german,linear,0.0,3.640581395375486e-09,1.0322112624972704e-17,3.1931059740752943e-09,0.0,0.0,,,
greedy,german,linear,0.0,1.7668551427485468e-08,1.0472104587260362e-16,6.3862119481505886e-09,0.0,0.0,,,
greedy,german,linear,0.0,1.0176535752970395e-08,4.622099853329013e-17,5.259233354371062e-09,0.0,0.0,,,
greedy,german,linear,0.0,7.575586866148676e-09,1.938320747195109e-17,2.817232849783302e-09,0.0,0.0,,,
greedy,german,linear,0.0,1.4638677714451376e-08,7.331620660924491e-17,5.99850860649731e-09,0.0,0.0,,,
greedy,german,linear,0.0,3.4580299290709604e-08,4.945656094803984e-16,1.8051280137321157e-08,0.0,0.0,,,
greedy,mortgage,linear,0.0,1.0332570993254464e-08,6.039633491888591e-17,7.0391607265296585e-09,0.0,0.0,0.18947368421052635,1.0,1647.0909649684215
greedy,mortgage,linear,0.0,1.3032841264526418e-09,1.3643043583068053e-18,1.1591012247236243e-09,0.0,0.0,,,
greedy,mortgage,linear,0.0,5.4095281587507316e-09,2.5980042432559792e-17,5.086837229217878e-09,0.0,0.0,,,
greedy,mortgage,linear,0.0,5.36908054474261e-10,2.7143540813371024e-19,5.207438195931058e-10,0.0,0.0,,,
greedy,mortgage,linear,0.0,3.151493482844714e-09,7.060421725762902e-18,2.5990908036899185e-09,0.0,0.0,,,
greedy,mortgage,linear,0.0,1.51235670653449e-08,1.1520071268937018e-16,8.209692592409112e-09,0.0,0.0,,,
greedy,mortgage,linear,0.0,1.1619594952883006e-08,6.754349546988761e-17,5.943965347698921e-09,0.0,0.0,,,
greedy,mortgage,linear,0.0,8.197906242735087e-09,4.059305162034081e-17,5.9684742148569114e-09,0.0,0.0,,,
greedy,mortgage,linear,0.0,4.197500347302707e-09,9.930543308798699e-18,2.8474285845847547e-09,0.0,0.0,,,
greedy,mortgage,linear,0.0,9.975204412482341e-09,5.006761978755895e-17,5.384633849914167e-09,0.0,0.0,,,
greedy,mortgage,linear,0.0,4.628075062074188e-09,1.4056027608258132e-17,3.6075769038745875e-09,0.0,0.0,,,
greedy,mortgage,linear,0.0,9.53279127857698e-09,4.559794157955439e-17,5.050021095742707e-09,0.0,0.0,,,
greedy,mortgage,linear,0.0,6.535677971042375e-09,3.22008863274766e-17,5.596287294684643e-09,0.0,0.0,,,
greedy,mortgage,linear,0.0,4.751878168729462e-09,1.462889446231805e-17,3.667976505861148e-09,0.0,0.0,,,
greedy,mortgage,linear,0.0,1.2101761898142271e-08,7.363218473134252e-17,6.501360810817758e-09,0.0,0.0,,,
greedy,mortgage,linear,0.0,1.891971426748462e-09,2.097303373707172e-18,1.338111607629422e-09,0.0,0.0,,,
greedy,mortgage,linear,0.0,4.1166315078999816e-09,1.2276025036408097e-17,3.437209794565632e-09,0.0,0.0,,,
greedy,mortgage,linear,0.0,1.9433264664137084e-08,1.9232399362733717e-16,1.1039149983016472e-08,0.0,0.0,,,
greedy,mortgage,linear,0.0,2.16822806237138e-09,3.840892450116785e-18,1.9473306855921635e-09,0.0,0.0,,,
greedy,twomoon,linear,0.0,1.866593862809296e-08,1.7591825897088803e-16,1.0257530436152962e-08,0.0,0.0,0.0,1.0,2016.23175166
greedy,twomoon,linear,0.0,1.8632091924875027e-08,2.1370836248721535e-16,1.3795495579227435e-08,0.0,0.0,,,
greedy,twomoon,linear,0.0,1.3797453513042512e-08,1.437521365258527e-16,1.1826569834560985e-08,0.0,0.0,,,
greedy,twomoon,linear,0.0,3.7671935015914926e-09,7.308982136233745e-18,2.2100233865174346e-09,0.0,0.0,,,
greedy,twomoon,linear,0.0,3.5754390226294674e-08,7.772752307703992e-16,2.6186437573905152e-08,0.0,0.0,,,
greedy,twomoon,linear,0.0,2.6068826278202728e-08,5.698126570661712e-16,2.3758703449061613e-08,0.0,0.0,,,
greedy,twomoon,linear,0.0,1.6624034954171307e-08,1.4464775997720767e-16,1.011041828036241e-08,0.0,0.0,,,
greedy,twomoon,linear,0.0,3.8107647370999587e-08,8.018428030433005e-16,2.5207944620575518e-08,0.0,0.0,,,
greedy,twomoon,linear,0.0,2.0360846092470908e-08,3.2369424982559667e-16,1.7809716035266376e-08,0.0,0.0,,,
greedy,twomoon,linear,0.0,3.370422257953365e-08,7.973010507410352e-16,2.7559906135010692e-08,0.0,0.0,,,
greedy,twomoon,linear,0.0,4.0113982191503084e-08,8.634995116366633e-16,2.548533006851983e-08,0.0,0.0,,,
greedy,twomoon,linear,0.0,2.618634667439501e-08,5.775182835630938e-16,2.3924976222389205e-08,0.0,0.0,,,
greedy,twomoon,linear,0.0,1.0563183633349738e-08,7.924905768885032e-17,8.706400822511284e-09,0.0,0.0,,,
greedy,twomoon,linear,0.0,2.173618063316951e-08,2.5653272629698185e-16,1.4054149954922934e-08,0.0,0.0,,,
greedy,twomoon,linear,0.0,1.4143115040221588e-08,1.0958002271729999e-16,9.258584177107565e-09,0.0,0.0,,,
greedy,twomoon,linear,0.0,7.013897851404494e-09,3.3036923446528836e-17,5.561157034872366e-09,0.0,0.0,,,
greedy,twomoon,linear,0.0,3.0023576541582386e-09,4.6966765331326285e-18,1.8090755560251637e-09,0.0,0.0,,,
greedy,twomoon,linear,0.0,3.8254988787844724e-08,8.133255348584213e-16,2.551511724124822e-08,0.0,0.0,,,
greedy,twomoon,linear,0.0,3.7997126556277294e-08,8.169641861950042e-16,2.5893248656316814e-08,0.0,0.0,,,
greedy,twomoon,linear,0.0,1.2558747042312746e-08,1.1207942877644404e-16,1.0354810009438609e-08,0.0,0.0,,,
mace,adult,linear,5.0,19.960944925915577,290.12688174275917,16.958904109589042,2.0,20.0,0.29999999999999993,1.0,4.443463830000018
mace,adult,linear,4.0,18.879312272854346,289.0352532546293,16.958904109589042,1.0,19.0,,,
mace,adult,linear,4.0,18.876926661075387,284.0964628607508,16.80821917808219,1.0,21.0,,,
mace,adult,linear,4.0,18.837657254682696,284.96043400397144,16.835616438356162,1.0,19.0,,,
mace,adult,linear,5.0,20.013912962445254,289.7202196631529,16.945205479452053,2.0,20.0,,,
mace,adult,linear,5.0,19.43972602739726,282.50842747232133,16.73972602739726,2.0,21.0,,,
mace,adult,linear,5.0,19.536287391669,275.90376295874717,16.534246575342465,2.0,21.0,,,
mace,adult,linear,5.0,19.249343024881185,282.80480543580984,16.753424657534243,2.0,21.0,,,
mace,adult,linear,5.0,19.196924797316186,276.07607319743624,16.54794520547945,2.0,19.0,,,
mace,adult,linear,5.0,18.995098313297927,273.77836714460165,16.479452054794518,2.0,19.0,,,
mace,adult,linear,5.0,19.665054514956672,286.7636841447108,16.863013698630134,2.0,21.0,,,
mace,adult,linear,4.0,18.56563228030938,275.35589179154056,16.54794520547945,1.0,20.0,,,
mace,adult,linear,4.0,18.52818003913894,268.8535338406333,16.342465753424662,1.0,20.0,,,
mace,adult,linear,4.0,18.94584847637685,282.0282608750701,16.73972602739726,1.0,20.0,,,
mace,adult,linear,5.0,19.32258876153201,275.3309575543561,16.520547945205482,2.0,19.0,,,
mace,adult,linear,4.0,19.069192060385802,280.088377141444,16.671232876712327,2.0,21.0,,,
mace,adult,linear,5.0,19.418479172490915,278.5084767887341,16.616438356164384,2.0,23.0,,,
mace,adult,linear,4.0,18.665054514956672,285.7636841447108,16.863013698630134,1.0,20.0,,,
mace,adult,linear,5.0,19.240396980710095,272.62200653165024,16.438356164383563,2.0,19.0,,,
mace,adult,linear,5.0,19.47327369303886,280.3324587740971,16.671232876712327,2.0,21.0,,,
mace,compass,linear,3.0,2.894736842105264,2.8005540166204987,1.0,2.0,5.0,0.95,1.0,1.3733594249999896
mace,compass,linear,2.0,2.0,2.0,1.0,1.0,3.0,,,
mace,compass,linear,3.0,2.9210526315789487,2.848337950138504,1.0,2.0,5.0,,,
mace,compass,linear,3.0,2.3684210526315788,2.135734072022161,1.0,2.0,4.0,,,
mace,compass,linear,3.0,3.0,3.0,1.0,2.0,4.0,,,
mace,compass,linear,3.0,2.9210526315789487,2.848337950138504,1.0,2.0,5.0,,,
mace,compass,linear,2.0,1.9473684210526316,1.8975069252077563,1.0,0.0,1.0,,,
mace,compass,linear,2.0,2.0,2.0,1.0,0.0,1.0,,,
mace,compass,linear,2.0,1.973684210526316,1.9480609418282548,1.0,1.0,3.0,,,
mace,compass,linear,3.0,2.894736842105264,2.8005540166204987,1.0,2.0,4.0,,,
mace,compass,linear,3.0,2.763157894736842,2.582409972299169,1.0,2.0,4.0,,,
mace,compass,linear,4.0,3.8684210526315774,3.7541551246537406,1.0,2.0,3.0,,,
mace,compass,linear,3.0,2.7894736842105265,2.623268698060942,1.0,2.0,4.0,,,
mace,compass,linear,3.0,2.736842105263158,2.542936288088643,1.0,2.0,4.0,,,
mace,compass,linear,3.0,2.7894736842105265,2.623268698060942,1.0,2.0,4.0,,,
mace,compass,linear,3.0,2.3684210526315788,2.135734072022161,1.0,2.0,4.0,,,
mace,compass,linear,2.0,1.7368421052631582,1.5429362880886428,1.0,1.0,3.0,,,
mace,compass,linear,3.0,3.0,3.0,1.0,2.0,2.0,,,
mace,compass,linear,2.0,1.9473684210526316,1.8975069252077563,1.0,1.0,3.0,,,
mace,compass,linear,3.0,2.947368421052632,2.8975069252077565,1.0,2.0,4.0,,,
mace,german,linear,,,,,,,,1.0,0.963759945
dice,mortgage,linear,1.0,0.052483961957407024,0.0027545662627465476,0.052483961957407024,0.0,0.0,0.52,1.0,0.10529171000000001
dice,mortgage,linear,2.0,0.5693250486349266,0.16373754852717376,0.31357656092248437,0.0,0.0,,,
dice,mortgage,linear,2.0,1.0327287283478708,0.5433554430856644,0.5873965044632414,0.0,0.0,,,
dice,mortgage,linear,2.0,0.29525957319369334,0.06718154963829943,0.25624019552950483,0.0,1.0,,,
dice,mortgage,linear,2.0,1.043080184321249,0.54646885627233,0.5566165857888697,0.0,0.0,,,
dice,mortgage,linear,2.0,0.850662003897505,0.3622147181117401,0.4395048453633077,0.0,0.0,,,
dice,mortgage,linear,1.0,0.07842273285563903,0.006150125028546925,0.07842273285563903,0.0,0.0,,,
dice,mortgage,linear,2.0,0.9850501131556628,0.48640615906149076,0.5174679548406499,0.0,0.0,,,
dice,mortgage,linear,2.0,0.6362231657041629,0.2024767647672545,0.32469969631274415,0.0,0.0,,,
dice,mortgage,linear,2.0,0.8369160969981452,0.3503802371016195,0.4275673951912105,0.0,0.0,,,
dice,mortgage,linear,2.0,0.4202193785808206,0.09253544284750877,0.2561709516487264,0.0,1.0,,,
dice,mortgage,linear,2.0,0.6905150203375396,0.2392363899279002,0.36564001825810666,0.0,0.0,,,
dice,mortgage,linear,2.0,1.0792078886363043,0.5871651948072085,0.5886975353448516,0.0,0.0,,,
dice,mortgage,linear,2.0,0.9928947133143342,0.4937659662056568,0.5170144461678375,0.0,0.0,,,
dice,mortgage,linear,2.0,0.7469534010441045,0.2837347245100855,0.42228772819207844,0.0,0.0,,,
dice,mortgage,linear,1.0,0.3070445719869496,0.09427636918664908,0.3070445719869496,0.0,0.0,,,
dice,mortgage,linear,1.0,0.24226385460380437,0.058691775247493264,0.24226385460380437,0.0,0.0,,,
dice,mortgage,linear,1.0,0.157492988956398,0.0248040415704201,0.157492988956398,0.0,0.0,,,
dice,mortgage,linear,1.0,0.28173688951534553,0.07937567491378202,0.28173688951534553,0.0,0.0,,,
dice,mortgage,linear,2.0,0.959382515114065,0.46079657506178234,0.49685473489246396,0.0,0.0,,,
cchvae,german,linear,,,,,,,,0.0,4.35334881
clue,german,linear,,,,,,,,0.0,2.3472978499999995
cruds,german,linear,,,,,,,,0.0,4.91748558
mace,mortgage,linear,,,,,,,,1.0,1.0047127349999996
mace,twomoon,linear,1.0,0.1754766606224203,0.030792058423196066,0.1754766606224203,0.0,0.0,0.84,1.0,0.928555424999999
mace,twomoon,linear,1.0,0.2374736528901788,0.056393735817005124,0.2374736528901788,0.0,0.0,,,
mace,twomoon,linear,1.0,0.3548928387635396,0.12594892700564372,0.3548928387635396,0.0,0.0,,,
mace,twomoon,linear,1.0,0.652615842591924,0.42590743800196684,0.652615842591924,0.0,0.0,,,
mace,twomoon,linear,1.0,0.32843223247776465,0.10786773133032844,0.32843223247776465,0.0,0.0,,,
mace,twomoon,linear,1.0,0.7351793975379096,0.5404887465642038,0.7351793975379096,0.0,0.0,,,
mace,twomoon,linear,1.0,1.1704499330179374,1.3699530457016942,1.1704499330179374,0.0,0.0,,,
mace,twomoon,linear,1.0,1.012159018367308,1.0244658784622724,1.012159018367308,0.0,0.0,,,
mace,twomoon,linear,1.0,0.0832608072661295,0.006932362026607563,0.0832608072661295,0.0,0.0,,,
mace,twomoon,linear,1.0,0.3462183132145047,0.11986712040509688,0.3462183132145047,0.0,0.0,,,
mace,twomoon,linear,1.0,0.3013134977429746,0.09078982392210556,0.3013134977429746,0.0,0.0,,,
mace,twomoon,linear,1.0,0.26393143013515985,0.06965979981319076,0.26393143013515985,0.0,0.0,,,
mace,twomoon,linear,1.0,0.17991455803072698,0.03236924819139182,0.17991455803072698,0.0,0.0,,,
mace,twomoon,linear,1.0,1.3000604369508144,1.6901571397247426,1.3000604369508144,0.0,0.0,,,
mace,twomoon,linear,1.0,0.2827232996661214,0.0799324641740995,0.2827232996661214,0.0,0.0,,,
mace,twomoon,linear,1.0,0.3238532680769247,0.10488093924410447,0.3238532680769247,0.0,0.0,,,
mace,twomoon,linear,1.0,0.2672297701609154,0.07141175006025569,0.2672297701609154,0.0,0.0,,,
mace,twomoon,linear,1.0,0.9870097137618262,0.9741881750602022,0.9870097137618262,0.0,0.0,,,
mace,twomoon,linear,1.0,1.3643786692401667,1.8615291530775682,1.3643786692401667,0.0,0.0,,,
mace,twomoon,linear,1.0,0.12420605949200136,0.015427145214530582,0.12420605949200136,0.0,0.0,,,
gs,adult,linear,17.0,13.073122335794034,13.001857892907717,1.0,0.0,11.0,0.41000000000000003,1.0,0.037479525000000534
gs,adult,linear,18.0,14.109883540062086,14.003337490109363,1.0,0.0,18.0,,,
gs,adult,linear,19.0,15.087424339128896,15.002504366813266,1.0,0.0,19.0,,,
gs,adult,linear,18.0,14.041729068734375,14.00079780698353,1.0,0.0,16.0,,,
gs,adult,linear,19.0,15.046152644981225,15.000728796533815,1.0,0.0,19.0,,,
gs,adult,linear,18.0,14.02587875750233,14.000245918660951,1.0,0.0,12.0,,,
gs,adult,linear,19.0,15.18403066051861,15.014259344947455,1.0,0.0,17.0,,,
gs,adult,linear,17.0,13.177059052153751,13.010717224118618,1.0,0.0,17.0,,,
gs,adult,linear,19.0,15.117503203876598,15.004776298295898,1.0,0.0,18.0,,,
gs,adult,linear,19.0,15.098078585176607,15.003377261726314,1.0,0.0,19.0,,,
gs,adult,linear,19.0,15.201347905943773,15.011336060721282,1.0,0.0,16.0,,,
gs,adult,linear,19.0,15.168539507468298,15.007333873929205,1.0,0.0,18.0,,,
gs,adult,linear,19.0,15.177525988237804,15.01152189788619,1.0,0.0,19.0,,,
gs,adult,linear,18.0,14.117639626255858,14.005319257173916,1.0,0.0,18.0,,,
gs,adult,linear,17.0,13.37761381213189,13.038957888157935,1.0,0.0,17.0,,,
gs,adult,linear,13.0,9.068276311044958,9.001414046218938,1.0,0.0,12.0,,,
gs,adult,linear,19.0,15.035311507942541,15.000390613176545,1.0,0.0,18.0,,,
gs,adult,linear,20.0,16.130108698130922,16.005521347684315,1.0,0.0,10.0,,,
gs,adult,linear,19.0,15.23796730531168,15.016615366289546,1.0,0.0,12.0,,,
gs,adult,linear,17.0,13.035348385464568,13.000554442266182,1.0,0.0,17.0,,,
gs,compass,linear,2.0,3.0826818408530037,5.337563650218856,2.0826818408530037,0.0,0.0,0.44999999999999996,1.0,0.18918749000000049
gs,compass,linear,2.0,1.0003397960232745,1.0000001154613374,1.0,0.0,1.0,,,
gs,compass,linear,1.0,2.133178548759854,4.550450720889197,2.133178548759854,0.0,0.0,,,
gs,compass,linear,2.0,1.0000357750551472,1.0000000012798547,1.0,0.0,1.0,,,
gs,compass,linear,2.0,1.000415654739323,1.0000001727688623,1.0,0.0,1.0,,,
gs,compass,linear,2.0,1.0004628788022418,1.0000002142567856,1.0,0.0,1.0,,,
gs,compass,linear,1.0,1.1255198397379793,1.2667949096438067,1.1255198397379793,0.0,0.0,,,
gs,compass,linear,2.0,3.792772050842146,8.799575727965046,2.792772050842146,0.0,0.0,,,
gs,compass,linear,2.0,1.0003343971750713,1.0000001118214707,1.0,0.0,1.0,,,
gs,compass,linear,2.0,1.0005772178686925,1.0000003331804679,1.0,0.0,1.0,,,
gs,compass,linear,2.0,3.0803463253236805,5.32784083328774,2.0803463253236805,0.0,0.0,,,
gs,compass,linear,2.0,3.0818527617559406,5.334110921630837,2.0818527617559406,0.0,0.0,,,
gs,compass,linear,1.0,1.046846115532891,1.095886789606303,1.046846115532891,0.0,0.0,,,
gs,compass,linear,2.0,3.1851689545171835,5.774963359785721,2.1851689545171835,0.0,0.0,,,
gs,compass,linear,2.0,2.7308373536335826,3.9957979447333036,1.7308373536335826,0.0,0.0,,,
gs,compass,linear,1.0,2.1064590530301817,4.437169742092809,2.1064590530301817,0.0,0.0,,,
gs,compass,linear,2.0,1.0000982135398262,1.0000000096458994,1.0,0.0,1.0,,,
gs,compass,linear,2.0,1.0002199155214058,1.0000000483628366,1.0,0.0,1.0,,,
gs,compass,linear,1.0,2.1589733163718265,4.661165780805563,2.1589733163718265,0.0,0.0,,,
gs,compass,linear,2.0,1.000025903919647,1.000000000671013,1.0,0.0,1.0,,,
gs,credit,linear,10.0,1.2258428648298672,1.0079317203742015,1.0,0.0,9.0,0.15000000000000002,1.0,0.02886116500000071
gs,credit,linear,10.0,1.3221634159067155,1.0183858215942125,1.0,0.0,6.0,,,
gs,credit,linear,10.0,1.0599040877817356,1.0004847099576364,1.0,0.0,9.0,,,
gs,credit,linear,10.0,1.0224560505895615,1.0000730397482307,1.0,0.0,9.0,,,
gs,credit,linear,10.0,1.112866138306797,1.00267262499586,1.0,0.0,9.0,,,
gs,credit,linear,10.0,1.4233604630634167,1.0339635520166082,1.0,0.0,8.0,,,
gs,credit,linear,11.0,2.001965773281344,2.0000005318770735,1.0,0.0,9.0,,,
gs,credit,linear,9.0,0.3489917221281817,0.01925033004913772,0.09829699445824296,0.0,5.0,,,
gs,credit,linear,9.0,1.0023556108488338,1.0000007890316418,1.0,0.0,9.0,,,
gs,credit,linear,9.0,0.5036016855784031,0.03416936523947059,0.10486761789718868,0.0,8.0,,,
gs,credit,linear,10.0,1.0194940303268845,1.000063433853753,1.0,0.0,9.0,,,
gs,credit,linear,9.0,0.3385892016750818,0.015894791960355467,0.05951996434698437,0.0,8.0,,,
gs,credit,linear,10.0,1.0152857106187927,1.000033597697067,1.0,0.0,9.0,,,
gs,credit,linear,9.0,1.0090598569681029,1.0000162561678643,1.0,0.0,9.0,,,
gs,credit,linear,9.0,1.004223117970506,1.0000024250812873,1.0,0.0,9.0,,,
gs,credit,linear,10.0,1.3057860978168911,1.0163560389936686,1.0,0.0,9.0,,,
gs,credit,linear,10.0,1.02400192638145,1.0000966346778828,1.0,0.0,9.0,,,
gs,credit,linear,10.0,1.0055069406314123,1.0000047973987745,1.0,0.0,9.0,,,
gs,credit,linear,10.0,1.0546163083484767,1.0004572607295164,1.0,0.0,9.0,,,
gs,credit,linear,10.0,1.0103795276351577,1.0000177482660146,1.0,0.0,9.0,,,
gs,german,linear,2.0,0.3629054907692742,0.088039851069192,0.28678472878461897,0.0,0.0,0.26,1.0,0.04643388499999901
gs,german,linear,2.0,0.10647393635447948,0.006651673888045127,0.07541042445536938,0.0,0.0,,,
gs,german,linear,2.0,0.4761994478798481,0.1294843853802481,0.32782549587784615,0.0,0.0,,,
gs,german,linear,2.0,0.4494349729232384,0.17379350982548009,0.4155021980899675,0.0,0.0,,,
gs,german,linear,2.0,0.3222568851864658,0.07448612692035117,0.26733902797743475,0.0,0.0,,,
gs,german,linear,2.0,0.25893822388861026,0.045676025721129186,0.20741628580530908,0.0,0.0,,,
gs,german,linear,2.0,0.12986526549685423,0.010524325599907097,0.09727325742253383,0.0,0.0,,,
gs,german,linear,2.0,0.12484283154751909,0.012733066325582259,0.11212151653412594,0.0,0.0,,,
gs,german,linear,2.0,0.3085864614935093,0.0680756283831839,0.25544367877997237,0.0,0.0,,,
gs,german,linear,2.0,0.635130497087648,0.2761496304298135,0.5105085773536225,0.0,0.0,,,
gs,german,linear,2.0,0.03361824690554502,0.0007409229405593956,0.02618541477872602,0.0,1.0,,,
gs,german,linear,2.0,0.11847235573012639,0.00944832289880297,0.09409642286334285,0.0,1.0,,,
gs,german,linear,2.0,0.23830652261728005,0.04420084090469291,0.20805163458881543,0.0,0.0,,,
gs,german,linear,2.0,0.4637093974768144,0.18585068154692522,0.429765636906021,0.0,0.0,,,
gs,german,linear,2.0,0.1213457779458385,0.009585250724066664,0.09401094389088269,0.0,0.0,,,
gs,german,linear,2.0,0.5543012235635509,0.22432582731215692,0.4651677706930462,0.0,0.0,,,
gs,german,linear,2.0,0.46310094649383216,0.1489205316564283,0.3759272171059717,0.0,0.0,,,
gs,german,linear,2.0,0.5530192549656239,0.2050349477140827,0.4379404168829692,0.0,0.0,,,
gs,german,linear,2.0,0.36788325593245796,0.10219715841052295,0.3153343854013132,0.0,0.0,,,
gs,german,linear,2.0,0.31122273284649343,0.06989304672290983,0.2592049280057358,0.0,0.0,,,
gs,mortgage,linear,2.0,0.7502174089620317,0.35439939312291024,0.5661405248252429,0.0,0.0,0.010000000000000009,1.0,0.06929577999999878
gs,mortgage,linear,2.0,0.3590559872160767,0.08557679085805027,0.2822805845247509,0.0,0.0,,,
gs,mortgage,linear,2.0,0.3532154474356002,0.07599327345444387,0.2591083215970829,0.0,0.0,,,
gs,mortgage,linear,2.0,0.5763661512580533,0.1922200886570237,0.40246587945141526,0.0,0.0,,,
gs,mortgage,linear,2.0,0.7249640248981748,0.322178307338117,0.5348071247221341,0.0,0.0,,,
gs,mortgage,linear,2.0,0.3681541346605846,0.11468031005169704,0.33722989397390196,0.0,0.0,,,
gs,mortgage,linear,2.0,0.5795176326948797,0.19894654621963154,0.41431041793789075,0.0,0.0,,,
gs,mortgage,linear,2.0,0.641093829606619,0.28703928652987776,0.5224610516907962,0.0,0.0,,,
gs,mortgage,linear,2.0,0.237430957271346,0.034284506635388665,0.17393221930367514,0.0,0.0,,,
gs,mortgage,linear,2.0,0.4855179742438465,0.14868757493771873,0.36690350629372265,0.0,0.0,,,
gs,mortgage,linear,2.0,0.26386506085747696,0.05017511748078356,0.21957593380321824,0.0,0.0,,,
gs,mortgage,linear,2.0,0.4264214422824601,0.11844726039313204,0.3305342847889588,0.0,0.0,,,
gs,mortgage,linear,2.0,0.7010663143303668,0.3450953572363783,0.5734102182235121,0.0,0.0,,,
gs,mortgage,linear,2.0,0.439455195838441,0.11984332013836593,0.3276231158142301,0.0,0.0,,,
gs,mortgage,linear,2.0,0.5111460720216693,0.1977125418774206,0.43870876218930294,0.0,0.0,,,
gs,mortgage,linear,2.0,0.6632254629776766,0.26117484105682354,0.47521084026093674,0.0,0.0,,,
gs,mortgage,linear,2.0,0.681043751922068,0.3206005292116325,0.5511046781975757,0.0,0.0,,,
gs,mortgage,linear,2.0,0.01024362664447507,9.730944841562265e-05,0.009856974618324653,0.0,1.0,,,
gs,mortgage,linear,2.0,0.9876904506097189,0.6465175928540119,0.7755821413641478,0.0,0.0,,,
gs,mortgage,linear,2.0,0.5823153018271073,0.2234312851709558,0.455300469519727,0.0,0.0,,,
gs,twomoon,linear,2.0,0.10383895645637131,0.006216590526238368,0.07223358769998234,0.0,0.0,0.69,1.0,0.028721115000001872
gs,twomoon,linear,2.0,0.0933562853545763,0.00442381651233131,0.05242786026725599,0.0,0.0,,,
gs,twomoon,linear,2.0,0.4879134689862881,0.1206572242335593,0.2724825791295657,0.0,0.0,,,
gs,twomoon,linear,2.0,0.23470687225116615,0.027571943415086425,0.1211141191834737,0.0,0.0,,,
gs,twomoon,linear,2.0,0.10794992266568348,0.006357735928921758,0.07027132637474964,0.0,0.0,,,
gs,twomoon,linear,2.0,0.4792717952161214,0.115400317934537,0.2562128558588239,0.0,0.0,,,
gs,twomoon,linear,2.0,0.5414951293057506,0.14661303060382463,0.27225472637260223,0.0,0.0,,,
gs,twomoon,linear,2.0,0.18729621117098932,0.01753997568838393,0.09379010713481262,0.0,0.0,,,
gs,twomoon,linear,2.0,0.15532788297223654,0.012068274928689686,0.07922907955850683,0.0,0.0,,,
gs,twomoon,linear,2.0,0.45030680386371735,0.10473337898906598,0.2660512636491159,0.0,0.0,,,
gs,twomoon,linear,2.0,0.16421492466649562,0.013484415767510114,0.08286410818789136,0.0,0.0,,,
gs,twomoon,linear,2.0,0.5757159176425957,0.16572442223832617,0.2879395823416765,0.0,0.0,,,
gs,twomoon,linear,2.0,0.459442035896229,0.11296447453540803,0.2906348191805616,0.0,0.0,,,
gs,twomoon,linear,2.0,0.1384700744236984,0.009927058156264525,0.08227492603062825,0.0,0.0,,,
gs,twomoon,linear,2.0,0.5311155137370371,0.15755589642466064,0.35642593600341216,0.0,0.0,,,
gs,twomoon,linear,2.0,0.31629516392858587,0.050383724027917395,0.17160879783827493,0.0,0.0,,,
gs,twomoon,linear,2.0,0.5039170129097006,0.12700811284000957,0.25653752873541874,0.0,0.0,,,
gs,twomoon,linear,2.0,0.09797141431581186,0.004949161252589102,0.057644871120693275,0.0,0.0,,,
gs,twomoon,linear,2.0,0.4804215596487036,0.11575039748071365,0.25340092753139487,0.0,0.0,,,
gs,twomoon,linear,2.0,0.39484421742056214,0.08078913363825285,0.23509275791509826,0.0,0.0,,,
revise,adult,linear,,,,,,,,0.0,22.435383105
revise,compass,linear,,,,,,,,0.0,9.243915214999998
revise,credit,linear,11.0,4.063712458643648,2.613669818439241,1.0,0.0,4.0,0.8,0.05,9.834342474999994
revise,german,linear,,,,,,,,0.0,5.4660403299999984
wachter,adult,linear,5.0,2.927773829328669,1.781213507999975,0.6498960215931724,1.0,0.0,0.0,1.0,0.5665860199999997
wachter,adult,linear,5.0,2.840544247088477,1.67825461054193,0.6312194028218177,1.0,0.0,,,
wachter,adult,linear,5.0,1.6502608763265254,0.5778167806278827,0.37449872493743896,1.0,1.0,,,
wachter,adult,linear,5.0,0.48534379361610286,0.04961765491187688,0.1095244437456131,1.0,1.0,,,
wachter,adult,linear,5.0,2.8866582664710436,1.7312219367053858,0.6405953764915466,1.0,0.0,,,
wachter,adult,linear,5.0,1.1713315134043019,0.29288610270215026,0.26744332909584045,1.0,1.0,,,
wachter,adult,linear,5.0,5.453115017902494,6.075777081302524,1.1846122592687607,1.0,0.0,,,
wachter,adult,linear,5.0,3.4556451420666905,2.46574569135083,0.7611873149871826,1.0,0.0,,,
wachter,adult,linear,5.0,2.3119232233901528,1.1203829572382151,0.5181784116137851,1.0,0.0,,,
wachter,adult,linear,5.0,3.412410651031972,2.4052493713498815,0.7519766688346863,1.0,0.0,,,
wachter,adult,linear,5.0,2.8874915906350065,1.7318449653766121,0.6406062841415405,1.0,0.0,,,
wachter,adult,linear,5.0,1.8264528450084059,0.7053776137120953,0.41307809948921204,1.0,1.0,,,
wachter,adult,linear,5.0,3.1054446232074757,1.998704314893893,0.6871709823608398,1.0,0.0,,,
wachter,adult,linear,5.0,3.2349372633536553,2.1666368675523975,0.7149685621261597,1.0,0.0,,,
wachter,adult,linear,5.0,2.4471430272440906,1.2513964347751738,0.546620786190033,1.0,0.0,,,
wachter,adult,linear,5.0,3.0169045362228917,1.888652134819349,0.6685569286346436,1.0,0.0,,,
wachter,adult,linear,5.0,4.015402473965053,3.3161078306080087,0.8800803422927856,1.0,0.0,,,
wachter,adult,linear,5.0,1.7853423472338015,0.6734800780507194,0.4034695625305176,1.0,0.0,,,
wachter,adult,linear,5.0,2.312088616573236,1.120474173327641,0.5181798934936523,1.0,0.0,,,
wachter,adult,linear,5.0,4.735462717698455,4.596212546235618,1.0332883596420288,1.0,0.0,,,
wachter,compass,linear,1.0,1.2960783243179321,1.6798190227667789,1.2960783243179321,0.0,0.0,0.0,1.0,0.20977345000000014
wachter,compass,linear,1.0,0.7511634199242843,0.5642464834323466,0.7511634199242843,0.0,0.0,,,
wachter,compass,linear,1.0,0.7786551494347422,0.6063038417412407,0.7786551494347422,0.0,0.0,,,
wachter,compass,linear,1.0,1.2261555947755514,1.5034575425993861,1.2261555947755514,0.0,0.0,,,
wachter,compass,linear,1.0,1.3310952186584473,1.7718144811353795,1.3310952186584473,0.0,0.0,,,
wachter,compass,linear,1.0,1.4955599308013916,2.2366995066186632,1.4955599308013916,0.0,0.0,,,
wachter,compass,linear,1.0,0.6587931262819391,0.43400838323633095,0.6587931262819391,0.0,0.0,,,
wachter,compass,linear,1.0,2.0676821658485816,4.275309538968281,2.0676821658485816,0.0,0.0,,,
wachter,compass,linear,1.0,1.3312243223190308,1.7721581963337627,1.3312243223190308,0.0,0.0,,,
wachter,compass,linear,1.0,0.5935041214290419,0.35224714215325886,0.5935041214290419,0.0,0.0,,,
wachter,compass,linear,1.0,1.7190580556267185,2.955160598615114,1.7190580556267185,0.0,0.0,,,
wachter,compass,linear,1.0,0.9329808730828135,0.870453309538369,0.9329808730828135,0.0,0.0,,,
wachter,compass,linear,1.0,0.35543672348323624,0.12633526440049853,0.35543672348323624,0.0,0.0,,,
wachter,compass,linear,1.0,1.787250556443867,3.1942645515089123,1.787250556443867,0.0,0.0,,,
wachter,compass,linear,1.0,1.0315531554975008,1.0641019126168512,1.0315531554975008,0.0,0.0,,,
wachter,compass,linear,1.0,2.0676821658485816,4.275309538968281,2.0676821658485816,0.0,0.0,,,
wachter,compass,linear,1.0,0.959937710511057,0.9214804080612099,0.959937710511057,0.0,0.0,,,
wachter,compass,linear,1.0,2.042176045869526,4.170483002323292,2.042176045869526,0.0,0.0,,,
wachter,compass,linear,1.0,1.3310952186584473,1.7718144811353795,1.3310952186584473,0.0,0.0,,,
wachter,compass,linear,1.0,1.8384881019592285,3.3800385010456466,1.8384881019592285,0.0,0.0,,,
wachter,credit,linear,9.0,3.8322555142391104,1.6430018997150182,0.44437485933303833,0.0,0.0,0.010000000000000009,1.0,0.09177428499999678
wachter,credit,linear,9.0,5.781314455800587,3.7342377755062333,0.669084906578064,0.0,1.0,,,
wachter,credit,linear,9.0,2.7724045151579917,0.8617926058328903,0.32289695739746094,0.0,1.0,,,
wachter,credit,linear,9.0,3.5076672429266553,1.377396248811333,0.40731871128082275,0.0,1.0,,,
wachter,credit,linear,9.0,4.701543731723342,2.471021350989844,0.5444943308830261,0.0,0.0,,,
wachter,credit,linear,9.0,2.773690038257175,0.8624405909547723,0.3229180574417114,0.0,0.0,,,
wachter,credit,linear,9.0,2.5227764234426076,0.7142347026558131,0.2943519353866577,0.0,2.0,,,
wachter,credit,linear,9.0,4.46592075501855,2.2300030709153895,0.5173844695091248,0.0,0.0,,,
wachter,credit,linear,9.0,1.3515976345209995,0.2057354319229189,0.15876279771327972,0.0,1.0,,,
wachter,credit,linear,9.0,5.166970978058079,2.983698289761576,0.5982135534286499,0.0,1.0,,,
wachter,credit,linear,9.0,2.8557779973740933,0.9141015164526515,0.3323788642883301,0.0,0.0,,,
wachter,credit,linear,9.0,2.1896127796149876,0.5386452941673772,0.25601938366889954,0.0,2.0,,,
wachter,credit,linear,9.0,1.0995448547221742,0.13618228936327137,0.12922775745391846,0.0,0.0,,,
wachter,credit,linear,9.0,3.5060086979381135,1.3762981956712916,0.4072786867618561,0.0,2.0,,,
wachter,credit,linear,9.0,1.266287571680547,0.18070261172720525,0.1489278276761373,0.0,3.0,,,
wachter,credit,linear,9.0,1.7725015580654144,0.35333806700999615,0.20764628052711487,0.0,1.0,,,
wachter,credit,linear,9.0,0.5120324586608629,0.029431770761357487,0.05983448028564453,0.0,5.0,,,
wachter,credit,linear,9.0,1.6045579192056572,0.28969592004024625,0.18815037608146667,0.0,0.0,,,
wachter,credit,linear,9.0,5.782153302844889,3.7352218425768435,0.6691238482793173,0.0,0.0,,,
wachter,credit,linear,9.0,2.3572743088006973,0.6238399470424529,0.2752382755279541,0.0,2.0,,,
wachter,german,linear,3.0,2.2510213542463866,1.6894983262094163,0.7623749200035543,1.0,0.0,0.0,1.0,0.08919484000000466
wachter,german,linear,3.0,2.5589962585255637,2.1834160504766755,0.8666734555188347,1.0,0.0,,,
wachter,german,linear,3.0,3.413755573861514,3.885667167815961,1.1566569401937372,1.0,0.0,,,
wachter,german,linear,3.0,3.030233775760706,3.061610340851792,1.0264179776696598,1.0,0.0,,,
wachter,german,linear,3.0,2.2510231126213025,1.6895009427401022,0.7623751829652226,1.0,0.0,,,
wachter,german,linear,3.0,2.110219136420361,1.4847548053448159,0.7147116135148441,1.0,0.0,,,
wachter,german,linear,3.0,2.6704262636032894,2.377705694117335,0.9044210980920231,1.0,0.0,,,
wachter,german,linear,3.0,2.110170642572842,1.4846873331598447,0.7147050499916077,1.0,0.0,,,
wachter,german,linear,3.0,3.0852835388373063,3.1738623998580517,1.045096986434039,1.0,0.0,,,
wachter,german,linear,3.0,2.0536458656669128,1.4062151731473098,0.6955858539132511,1.0,0.0,,,
wachter,german,linear,3.0,2.0818732386221406,1.4451370244491484,0.7051425050286686,1.0,0.0,,,
wachter,german,linear,3.0,2.614960399616856,2.279956620015901,0.8855922800653121,1.0,0.0,,,
wachter,german,linear,3.0,3.249542189571943,3.520824143159823,1.1009222549550675,1.0,0.0,,,
wachter,german,linear,3.0,2.4194985679656282,1.9518555599664098,0.8193870782852173,1.0,0.0,,,
wachter,german,linear,3.0,2.4754537714799936,2.0431785599409515,0.8383349495775559,1.0,0.0,,,
wachter,german,linear,3.0,3.1399757740753356,3.287392242414358,1.0637044661185322,1.0,0.0,,,
wachter,german,linear,3.0,2.3633292965896935,1.8622853744917212,0.8003945596077863,1.0,0.0,,,
wachter,german,linear,3.0,2.2793215834416127,1.73224271959742,0.7719170275856466,1.0,0.0,,,
wachter,german,linear,3.0,2.4194769563915575,1.9518210554730286,0.8193838701528662,1.0,0.0,,,
wachter,german,linear,3.0,3.0026132799801823,3.006052037726964,1.0170583304236918,1.0,0.0,,,
